요일,제목,작가,평점,이미지URL,웹툰링크
월,만남어플 중독,루즌아,9.84,https://image-comic.pstatic.net/webtoon/818528/thumbnail/titledescimage/objectImage_52163270-ea97-47d6-bf87-35db4dc7965f.png,https://comic.naver.com/webtoon/list?titleId=839004&tab=mon
월,참교육,채용택 / 한가람,9.89,https://image-comic.pstatic.net/webtoon/818528/thumbnail/titledescimage/frontImage_e7905803-fe78-461a-a836-6b812d4754a3.png,https://comic.naver.com/webtoon/list?titleId=758037&tab=mon
월,환생천마,JP / 부겸 / 장영훈,9.95,https://image-comic.pstatic.net/webtoon/817365/thumbnail/titledescimage/objectImage_07b5a22c-e3e7-452c-b689-915640dbacd4.png,https://comic.naver.com/webtoon/list?titleId=822657&tab=mon
월,왕과의 야행,보리,9.98,https://image-comic.pstatic.net/webtoon/817365/thumbnail/titledescimage/backImage_75fc629c-c38a-49fb-b127-8c044309f102.png,https://comic.naver.com/webtoon/list?titleId=817859&tab=mon
월,마음의소리(였던 것),조석,9.95,https://image-comic.pstatic.net/webtoon/817365/thumbnail/titledescimage/frontImage_02a8a7d6-857e-4ec8-bb13-99183ad8094a.png,https://comic.naver.com/webtoon/list?titleId=821793&tab=mon
월,절대검감,김두루미 / 티아이 / 한중월야,9.95,https://image-comic.pstatic.net/webtoon/839004/thumbnail/thumbnail_IMAG21_258e9101-6b52-49a2-bcaa-6f90f540624f.jpg,https://comic.naver.com/webtoon/list?titleId=796075&tab=mon
월,백수세끼,치즈,9.86,https://image-comic.pstatic.net/webtoon/758037/thumbnail/thumbnail_IMAG21_bbe528c8-7b30-4ea9-b06f-22122ce7d180.jpg,https://comic.naver.com/webtoon/list?titleId=733074&tab=mon
월,시한부 천재가 살아남는 법,JP / 윤승기 / 청시소,9.90,https://image-comic.pstatic.net/webtoon/822657/thumbnail/thumbnail_IMAG21_99e49512-e05d-48c3-846d-d898f78523df.jpg,https://comic.naver.com/webtoon/list?titleId=832703&tab=mon
월,똑 닮은 딸,이담,9.98,https://image-comic.pstatic.net/webtoon/817859/thumbnail/thumbnail_IMAG21_7479316a-1fca-40d6-9d8e-455f8b2fb0db.jpg,https://comic.naver.com/webtoon/list?titleId=774866&tab=mon
월,소녀의 세계,모랑지,9.92,https://image-comic.pstatic.net/webtoon/821793/thumbnail/thumbnail_IMAG21_c5c798a7-dadf-487b-9bea-485928755332.jpg,https://comic.naver.com/webtoon/list?titleId=654774&tab=mon
월,강아지별,아음,9.95,https://image-comic.pstatic.net/webtoon/796075/thumbnail/thumbnail_IMAG21_31f75c4c-81c9-454a-8d92-9e23b577e1a5.jpg,https://comic.naver.com/webtoon/list?titleId=843129&tab=mon
월,이직로그,우시목 / 이하안,9.96,https://image-comic.pstatic.net/webtoon/733074/thumbnail/thumbnail_IMAG21_80df3e76-47af-4007-b57c-e8f2830835e5.jpg,https://comic.naver.com/webtoon/list?titleId=837659&tab=mon
월,회귀한 공작가의 막내도련님은 암살자,스윙뱃 / 커피라임,9.93,https://image-comic.pstatic.net/webtoon/832703/thumbnail/thumbnail_IMAG21_1dab240b-fafb-472a-8b42-966f40f8fdc0.jpg,https://comic.naver.com/webtoon/list?titleId=821195&tab=mon
월,신체,엄세윤 / 정썸머,9.75,https://image-comic.pstatic.net/webtoon/774866/thumbnail/thumbnail_IMAG21_b03cd4bd-bc74-4469-a501-20896bcc887f.jpg,https://comic.naver.com/webtoon/list?titleId=844058&tab=mon
월,파브르 in 사천당가,지대공마법소년 / 크라켄 / 에르훗,9.95,https://image-comic.pstatic.net/webtoon/654774/thumbnail/thumbnail_IMAG21_1209b520-bcd9-4031-b76f-bc8a7f5527fd.jpg,https://comic.naver.com/webtoon/list?titleId=833702&tab=mon
월,버림받은 왕녀의 은밀한 침실,혜니 / 성혜림,9.94,https://image-comic.pstatic.net/webtoon/843129/thumbnail/thumbnail_IMAG21_ba502630-9203-4551-9cf3-5d15ff462f79.jpg,https://comic.naver.com/webtoon/list?titleId=796867&tab=mon
월,아포칼립스에 집을 숨김,DD / 송지형 / 로드워리어,9.83,https://image-comic.pstatic.net/webtoon/837659/thumbnail/thumbnail_IMAG21_6f1f4ac2-fe69-494a-b175-fc5447f5a54f.jpg,https://comic.naver.com/webtoon/list?titleId=825332&tab=mon
월,신화급 귀속 아이템을 손에 넣었다,판테라 / 헤스 / 정선율,9.75,https://image-comic.pstatic.net/webtoon/821195/thumbnail/thumbnail_IMAG21_4eff0192-8237-4ec7-b74c-bd66cfd25d51.jpg,https://comic.naver.com/webtoon/list?titleId=795297&tab=mon
월,연애리뷰,평강 / 라희,9.88,https://image-comic.pstatic.net/webtoon/844058/thumbnail/thumbnail_IMAG21_18e663e7-b2bc-4c26-8163-ea7fb31b64a9.jpg,https://comic.naver.com/webtoon/list?titleId=835082&tab=mon
월,다정한 침입자,이니 / 정유한,9.96,https://image-comic.pstatic.net/webtoon/833702/thumbnail/thumbnail_IMAG21_aad66c46-90fc-4d2d-8cb9-46fc0ff0abc2.jpg,https://comic.naver.com/webtoon/list?titleId=840839&tab=mon
월,영업 천재가 되었다,혜림 / 댄킴,9.93,https://image-comic.pstatic.net/webtoon/747271/thumbnail/thumbnail_IMAG21_d46b4a69-6de0-41be-b368-ce5e74ab8f76.jpg,https://comic.naver.com/webtoon/list?titleId=818780&tab=mon
월,시리도록 불꽃처럼,김인호 / 유진성,9.85,https://image-comic.pstatic.net/webtoon/822640/thumbnail/thumbnail_IMAG21_009dd859-91d1-4682-862b-bace6d93fc79.jpg,https://comic.naver.com/webtoon/list?titleId=834686&tab=mon
월,잔불의 기사,환댕,9.96,https://image-comic.pstatic.net/webtoon/839004/thumbnail/thumbnail_IMAG21_258e9101-6b52-49a2-bcaa-6f90f540624f.jpg,https://comic.naver.com/webtoon/list?titleId=768536&tab=mon
월,잘 헤어지는 방법,강문송 / 1172,9.93,https://image-comic.pstatic.net/webtoon/747269/thumbnail/thumbnail_IMAG21_aabd9952-ff45-47a2-a543-33f19a5c6708.jpg,https://comic.naver.com/webtoon/list?titleId=826348&tab=mon
월,샤MONEY즘,나락 / 영기,9.91,https://image-comic.pstatic.net/webtoon/641253/thumbnail/thumbnail_IMAG21_01672165-03c8-44b1-ba0e-ef82c9cfcd10.jpg,https://comic.naver.com/webtoon/list?titleId=840014&tab=mon
월,우아한 욕망,김종건,9.91,https://image-comic.pstatic.net/webtoon/844058/thumbnail/thumbnail_IMAG21_18e663e7-b2bc-4c26-8163-ea7fb31b64a9.jpg,https://comic.naver.com/webtoon/list?titleId=813552&tab=mon
월,1초에 100만원,"이지호, 도보리 / 웨이브",9.34,https://image-comic.pstatic.net/webtoon/626939/thumbnail/thumbnail_IMAG21_8065f68b-a5ab-4107-98a3-661e0dc3100c.jpg,https://comic.naver.com/webtoon/list?titleId=842977&tab=mon
월,토마토가 돼라!,뮤리,9.98,https://image-comic.pstatic.net/webtoon/843948/thumbnail/thumbnail_IMAG21_1d067382-901e-4846-bf0c-03e158046a7f.jpg,https://comic.naver.com/webtoon/list?titleId=805702&tab=mon
월,장편단편선,기주주,9.91,,https://comic.naver.com/webtoon/list?titleId=843310&tab=mon
월,첩보원 악어새,배가봉,9.00,,https://comic.naver.com/webtoon/list?titleId=843425&tab=mon
월,통제구역관리부,탄광,9.97,,https://comic.naver.com/webtoon/list?titleId=836833&tab=mon
월,우주천마 3077,산하 / 김대영 / 녹색여우,9.67,,https://comic.naver.com/webtoon/list?titleId=829195&tab=mon
월,"정신 차려, 전승연",제민,9.71,,https://comic.naver.com/webtoon/list?titleId=832243&tab=mon
월,좀비묵시록 82-08,"달아 / 아쿠아콘, 경우 / 박스오피스",9.82,,https://comic.naver.com/webtoon/list?titleId=814742&tab=mon
월,몬스터와 힐링하는 S급 헌터,팀 더 지크 / 손이도 / 다기205,9.94,,https://comic.naver.com/webtoon/list?titleId=840845&tab=mon
월,십이지소녀,"지지, MAJOR / 지지",9.83,,https://comic.naver.com/webtoon/list?titleId=840329&tab=mon
월,구야는 신입,구야,9.93,,https://comic.naver.com/webtoon/list?titleId=828167&tab=mon
월,최악의 세대,"광산, MAJOR",9.89,,https://comic.naver.com/webtoon/list?titleId=834261&tab=mon
월,악당 가족이 독립을 반대한다,밋츄 / 하티 / 이흰,9.97,,https://comic.naver.com/webtoon/list?titleId=817365&tab=mon
월,딸들,김에그 / 해례,9.50,,https://comic.naver.com/webtoon/list?titleId=839509&tab=mon
월,2025 루키 단편선,네이버웹툰 작가,9.80,,https://comic.naver.com/webtoon/list?titleId=842453&tab=mon
월,히어로메이커,빤쓰,9.92,,https://comic.naver.com/webtoon/list?titleId=21815&tab=mon
월,시간을 돌아온 황후의 납치 결혼,그리온 / 신은예,9.96,,https://comic.naver.com/webtoon/list?titleId=834548&tab=mon
월,포도가 익기 전에,삼태,9.95,,https://comic.naver.com/webtoon/list?titleId=843017&tab=mon
월,더블클릭,"박수봉, 김장훈 / 박수봉",9.93,,https://comic.naver.com/webtoon/list?titleId=769663&tab=mon
월,대공비가 체질입니다,LICO / 챰이 / 레치모나,9.95,,https://comic.naver.com/webtoon/list?titleId=841126&tab=mon
월,삽가능,"이노우 / 김세훈, 스튜디오 호호이",8.98,,https://comic.naver.com/webtoon/list?titleId=838708&tab=mon
월,남4친,올챙구리,9.88,,https://comic.naver.com/webtoon/list?titleId=841069&tab=mon
월,아가씨는 못말려,김연우,9.93,,https://comic.naver.com/webtoon/list?titleId=843869&tab=mon
월,부두슬램,도바Q / 스몽Z,9.91,,https://comic.naver.com/webtoon/list?titleId=842462&tab=mon
월,미친 재능의 플레이어,OMinute / 호라칸 / 체나,9.83,,https://comic.naver.com/webtoon/list?titleId=814781&tab=mon
월,벤타블랙,"신신성, MAJOR / 신신성",9.66,,https://comic.naver.com/webtoon/list?titleId=834006&tab=mon
월,회귀했는데 세상이 안 망함,손병준 / 넴가 / 선우,9.61,,https://comic.naver.com/webtoon/list?titleId=836812&tab=mon
월,K학원 생존기,양아최,9.94,,https://comic.naver.com/webtoon/list?titleId=823190&tab=mon
월,오늘은 뭐하고 놀까?,햄김밥,9.86,,https://comic.naver.com/webtoon/list?titleId=842116&tab=mon
월,비서실세,정미 / 로즈빈,9.89,,https://comic.naver.com/webtoon/list?titleId=835553&tab=mon
월,어떻게 용사 이름이 아아아아,알그,9.92,,https://comic.naver.com/webtoon/list?titleId=842370&tab=mon
월,웅녀님이 보우하사,영파카,2.44,,https://comic.naver.com/webtoon/list?titleId=842322&tab=mon
월,해피 페이스,이저녁,9.97,,https://comic.naver.com/webtoon/list?titleId=838569&tab=mon
월,귀촌리,황양 / 이대한,9.96,,https://comic.naver.com/webtoon/list?titleId=822573&tab=mon
월,소소한 기행,쑈랑,9.92,,https://comic.naver.com/webtoon/list?titleId=835194&tab=mon
월,다육이는 잘 자란다,도국,9.96,,https://comic.naver.com/webtoon/list?titleId=820800&tab=mon
월,제국 최고의 악녀를 사랑하게 되었습니다,"아지 / 아츠시, Perlacot",9.96,,https://comic.naver.com/webtoon/list?titleId=833908&tab=mon
월,돌아온 여름에게,청푸 / 9주영,9.91,,https://comic.naver.com/webtoon/list?titleId=839539&tab=mon
월,공녀님의 꽃밭에는 그들이 산다,개굴 / 영락 / 고겨울,9.90,,https://comic.naver.com/webtoon/list?titleId=818528&tab=mon
월,달로 만든 아이,온윤,9.97,,https://comic.naver.com/webtoon/list?titleId=784107&tab=mon
월,함부로 친절하지 말라,아린 / 류화 / 유세라,9.97,,https://comic.naver.com/webtoon/list?titleId=821095&tab=mon
월,마왕의 빛나는 별,이잉간,9.95,,https://comic.naver.com/webtoon/list?titleId=843072&tab=mon
월,모솔대첩,진자 / 정생,9.84,,https://comic.naver.com/webtoon/list?titleId=833596&tab=mon
월,타이탄,네온비 / 장구,9.80,,https://comic.naver.com/webtoon/list?titleId=829714&tab=mon
월,대표님의 남편이 되고 싶어,고잉,9.94,,https://comic.naver.com/webtoon/list?titleId=839584&tab=mon
월,채널명 : 구찬지아,김기현,9.95,,https://comic.naver.com/webtoon/list?titleId=841486&tab=mon
월,요리사가 되고 싶은 천마님,턍 / 춘삼 / 점도리,9.87,,https://comic.naver.com/webtoon/list?titleId=823536&tab=mon
월,ZD,조석,9.94,,https://comic.naver.com/webtoon/list?titleId=835698&tab=mon
월,Lv.99 흑염의 프린세스,YDR / 먼주 / 린지,9.80,,https://comic.naver.com/webtoon/list?titleId=838075&tab=mon
월,리턴 투 플레이어,레포 / 세혼 / 인덱스,9.93,,https://comic.naver.com/webtoon/list?titleId=752414&tab=mon
월,프로젝트 마르스,영주,9.91,,https://comic.naver.com/webtoon/list?titleId=837999&tab=mon
월,지유지요,용현동,9.90,,https://comic.naver.com/webtoon/list?titleId=838532&tab=mon
월,기생몽,닺,9.57,,https://comic.naver.com/webtoon/list?titleId=827160&tab=mon
월,불완전한 이혼의 결말,진원 / 가은 / 라솔레,9.84,,https://comic.naver.com/webtoon/list?titleId=838556&tab=mon
월,너의 완두콩을 먹고 싶어!,니소라스 / 박건영,9.92,,https://comic.naver.com/webtoon/list?titleId=839082&tab=mon
월,와일드 랭커,"사카이시유우사쿠, 미즈노 히카루 / 박성재",9.70,,https://comic.naver.com/webtoon/list?titleId=839349&tab=mon
월,폭력의 왕,LICO / 한경찬,9.80,,https://comic.naver.com/webtoon/list?titleId=824890&tab=mon
월,코너트 성 집사로 살아남기,LICO / 롱토피아 / 호라담,9.87,,https://comic.naver.com/webtoon/list?titleId=844064&tab=mon
월,비터사이드 크렌베리스,챠콜,9.88,,https://comic.naver.com/webtoon/list?titleId=841755&tab=mon
월,영앤리치가 아니야!,최삡뺩,9.96,,https://comic.naver.com/webtoon/list?titleId=734574&tab=mon
월,청소하러 왔어요,뻥,9.95,,https://comic.naver.com/webtoon/list?titleId=838065&tab=mon
월,아직 제목 없음,주영현,9.95,,https://comic.naver.com/webtoon/list?titleId=831547&tab=mon
월,신당귀,복복,9.32,,https://comic.naver.com/webtoon/list?titleId=840599&tab=mon
월,한국에서 히어로 하기 힘들더라,이해력,9.95,,https://comic.naver.com/webtoon/list?titleId=829666&tab=mon
월,닥터아미,김민소,9.24,,https://comic.naver.com/webtoon/list?titleId=837522&tab=mon
월,여고생이 신인데 나만 괴롭힘,박장고 / 이우,9.86,,https://comic.naver.com/webtoon/list?titleId=821336&tab=mon
월,날 먹는 건 금지양!,조9,9.97,,https://comic.naver.com/webtoon/list?titleId=817019&tab=mon
월,일파만파,최아서 / 꿍베,9.96,,https://comic.naver.com/webtoon/list?titleId=823496&tab=mon
월,컨트롤X,사이렌 / 서클,9.56,,https://comic.naver.com/webtoon/list?titleId=812403&tab=mon
월,원하나,비진,9.88,,https://comic.naver.com/webtoon/list?titleId=804469&tab=mon
월,어쌔신 크리드 - 잊혀진 사원,"ARC, Ubisoft, YEON / Tabii",9.87,,https://comic.naver.com/webtoon/list?titleId=808760&tab=mon
월,찔레꽃 그늘 아래,해람 / 홍이,9.90,,https://comic.naver.com/webtoon/list?titleId=821763&tab=mon
월,슬로우 다이브,고다,9.88,,https://comic.naver.com/webtoon/list?titleId=839087&tab=mon
월,사이다걸,김드루 / 김그루,9.85,,https://comic.naver.com/webtoon/list?titleId=800333&tab=mon
월,나의 개는 스피커로 짖는다,로밋,9.87,,https://comic.naver.com/webtoon/list?titleId=839347&tab=mon
월,좋아하면 닮는댔어,문주,9.77,,https://comic.naver.com/webtoon/list?titleId=842184&tab=mon
월,호러맨스,-2℃,9.94,,https://comic.naver.com/webtoon/list?titleId=837688&tab=mon
월,두번째 신의아이,나는야사과될거야 / 쿠키빵,9.80,,https://comic.naver.com/webtoon/list?titleId=827318&tab=mon
월,연애복붙,석한,9.81,,https://comic.naver.com/webtoon/list?titleId=833414&tab=mon
월,Dog한 로맨스,보현 / 문써니,9.52,,https://comic.naver.com/webtoon/list?titleId=837308&tab=mon
월,티엔다비스 - 완벽한 구원을 위하여,삼공 / 느링 / 김영지,9.94,,https://comic.naver.com/webtoon/list?titleId=817757&tab=mon
월,나노마신,현절무 / 금강불괴 / 한중월야,,,https://comic.naver.com/webtoon/list?titleId=747271
월,소꿉친구 컴플렉스,은하이,,,https://comic.naver.com/webtoon/list?titleId=822640
월,만남어플 중독,루즌아,,,https://comic.naver.com/webtoon/list?titleId=839004
월,전지적 독자 시점,UMI / 슬리피-C / 싱숑,,,https://comic.naver.com/webtoon/list?titleId=747269
월,외모지상주의,박태준,,,https://comic.naver.com/webtoon/list?titleId=641253
월,신체,엄세윤 / 정썸머,,,https://comic.naver.com/webtoon/list?titleId=844058
월,둥굴레차!,기라3,,,https://comic.naver.com/webtoon/list?titleId=626939
월,레드 레인(Red Rain),모서리 / 테랍 / 류향,,,https://comic.naver.com/webtoon/list?titleId=843948
월,1초에 100만원,"이지호, 도보리 / 웨이브",,,https://comic.naver.com/webtoon/list?titleId=842977
월,남자일짱 김지안,영준 / 강건,,,https://comic.naver.com/webtoon/list?titleId=843919
화,괴력 난신,매드버드 / 김태형 / 한중월야,9.95,https://image-comic.pstatic.net/webtoon/833416/thumbnail/titledescimage/objectImage_dcfa22f5-8383-4c68-8eff-5f7d7103ef3b.png,https://comic.naver.com/webtoon/list?titleId=821597&tab=tue
화,오! 나의 교주님,"김꿀빨, 김완두",8.85,https://image-comic.pstatic.net/webtoon/833416/thumbnail/titledescimage/backImage_7e43b329-4cce-4292-96d0-ada9ecc7600e.png,https://comic.naver.com/webtoon/list?titleId=841624&tab=tue
화,절대회귀,JP / 박진환 / 장영훈,9.96,https://image-comic.pstatic.net/webtoon/833416/thumbnail/titledescimage/frontImage_16009a45-2f42-4aff-95fe-072d41338e9a.png,https://comic.naver.com/webtoon/list?titleId=828715&tab=tue
화,김부장,"박만사, 남자의 이야기 / 정종택",9.64,https://image-comic.pstatic.net/webtoon/821597/thumbnail/thumbnail_IMAG21_78e9abac-677f-4127-9914-93cf45cab47a.jpg,https://comic.naver.com/webtoon/list?titleId=783053&tab=tue
화,마음의소리(였던 것),조석,9.95,https://image-comic.pstatic.net/webtoon/841624/thumbnail/thumbnail_IMAG21_154d7538-16dc-4aef-acb4-60d31e2834c8.jpg,https://comic.naver.com/webtoon/list?titleId=821793&tab=tue
화,신입사원 김철수,스튜디오MW / 오정,9.69,https://image-comic.pstatic.net/webtoon/828715/thumbnail/thumbnail_IMAG21_8957548a-2eb2-4ddf-a50e-dbc7fddc16a7.jpg,https://comic.naver.com/webtoon/list?titleId=812594&tab=tue
화,우렉 마지노,SIU,8.92,https://image-comic.pstatic.net/webtoon/783053/thumbnail/thumbnail_IMAG21_1135578a-87ec-48ba-b2c5-c7b93b21f91c.jpg,https://comic.naver.com/webtoon/list?titleId=838432&tab=tue
화,44교시 생존수업,상C,9.91,https://image-comic.pstatic.net/webtoon/821793/thumbnail/thumbnail_IMAG21_c5c798a7-dadf-487b-9bea-485928755332.jpg,https://comic.naver.com/webtoon/list?titleId=836848&tab=tue
화,회귀한 용병은 다 계획이 있다,골드행 / 박진석,9.94,https://image-comic.pstatic.net/webtoon/812594/thumbnail/thumbnail_IMAG21_d524ca40-2d86-4946-b13f-53d42cbd1cba.jpg,https://comic.naver.com/webtoon/list?titleId=832557&tab=tue
화,포그랜드,POGO,9.91,https://image-comic.pstatic.net/webtoon/838432/thumbnail/thumbnail_IMAG21_c9ea8921-d3e1-40ac-b730-ea91b7bfc4a4.jpg,https://comic.naver.com/webtoon/list?titleId=843116&tab=tue
화,사신소년,류,9.89,https://image-comic.pstatic.net/webtoon/836848/thumbnail/thumbnail_IMAG21_91382c72-745a-4df6-9a76-97fecf014390.jpg,https://comic.naver.com/webtoon/list?titleId=730656&tab=tue
화,못 잡아먹어서 안달,팀 보도뵈 / 퀀퀀 / 플아다,9.97,https://image-comic.pstatic.net/webtoon/832557/thumbnail/thumbnail_IMAG21_9f170e53-708c-41cb-a011-9f37e994deb5.jpg,https://comic.naver.com/webtoon/list?titleId=817247&tab=tue
화,멸망 이후의 세계,언데드딸기 / 언데드감자 / 싱숑,9.93,https://image-comic.pstatic.net/webtoon/843116/thumbnail/thumbnail_IMAG21_eb59f0a5-4850-4de9-80ec-6913f6a1e4ee.jpg,https://comic.naver.com/webtoon/list?titleId=789979&tab=tue
화,유부 감자,감자,9.87,https://image-comic.pstatic.net/webtoon/730656/thumbnail/thumbnail_IMAG21_fc6d8dbf-eed2-43d0-af45-2edb3cc4244e.jpg,https://comic.naver.com/webtoon/list?titleId=822556&tab=tue
화,천마는 평범하게 살 수 없다,철범 / 모구 / 산천,7.42,https://image-comic.pstatic.net/webtoon/817247/thumbnail/thumbnail_IMAG21_a5e2ade9-ea1a-4874-ab41-ec2815a1d62f.jpg,https://comic.naver.com/webtoon/list?titleId=774358&tab=tue
화,레벨999 고블린,다피 / 곰곰,9.68,https://image-comic.pstatic.net/webtoon/789979/thumbnail/thumbnail_IMAG21_07d44ecc-faf1-4b21-bbaa-63ff65bd4d67.jpg,https://comic.naver.com/webtoon/list?titleId=838991&tab=tue
화,한림체육관,혜성 / 이석재,9.68,https://image-comic.pstatic.net/webtoon/822556/thumbnail/thumbnail_IMAG21_46b37b9f-0a73-43e0-982a-1cf5666397c7.jpg,https://comic.naver.com/webtoon/list?titleId=743139&tab=tue
화,축살,장성준,9.86,https://image-comic.pstatic.net/webtoon/774358/thumbnail/thumbnail_IMAG21_ddaf1152-d535-4d0d-b7b5-b46c0d3cd01c.jpg,https://comic.naver.com/webtoon/list?titleId=840184&tab=tue
화,백씨세가 시한부 공자,삽살 / 드래권 / 비도,9.72,https://image-comic.pstatic.net/webtoon/747271/thumbnail/thumbnail_IMAG21_d46b4a69-6de0-41be-b368-ce5e74ab8f76.jpg,https://comic.naver.com/webtoon/list?titleId=814535&tab=tue
화,아포칼립스에 물류센터를 숨김,왕재덕 / 성구 / 구채,9.93,https://image-comic.pstatic.net/webtoon/822640/thumbnail/thumbnail_IMAG21_009dd859-91d1-4682-862b-bace6d93fc79.jpg,https://comic.naver.com/webtoon/list?titleId=829743&tab=tue
화,청춘 러브썸,홍덕 / NEMONE,9.98,https://image-comic.pstatic.net/webtoon/839004/thumbnail/thumbnail_IMAG21_258e9101-6b52-49a2-bcaa-6f90f540624f.jpg,https://comic.naver.com/webtoon/list?titleId=828920&tab=tue
화,신과함께 돌아온 기사왕님,지대공마법소년 / 전천후마검사 / 사람살려.,8.51,https://image-comic.pstatic.net/webtoon/747269/thumbnail/thumbnail_IMAG21_aabd9952-ff45-47a2-a543-33f19a5c6708.jpg,https://comic.naver.com/webtoon/list?titleId=809618&tab=tue
화,아카데미 플레이어를 죽였다,기린그린 / 사람살려.,9.84,https://image-comic.pstatic.net/webtoon/641253/thumbnail/thumbnail_IMAG21_01672165-03c8-44b1-ba0e-ef82c9cfcd10.jpg,https://comic.naver.com/webtoon/list?titleId=818434&tab=tue
화,전리품 공작부인,새들 / 초밤비 / 레몬개구리,9.98,https://image-comic.pstatic.net/webtoon/844058/thumbnail/thumbnail_IMAG21_18e663e7-b2bc-4c26-8163-ea7fb31b64a9.jpg,https://comic.naver.com/webtoon/list?titleId=833243&tab=tue
화,오늘도 퇴근,백초 / 물속 / 파셔,9.90,https://image-comic.pstatic.net/webtoon/626939/thumbnail/thumbnail_IMAG21_8065f68b-a5ab-4107-98a3-661e0dc3100c.jpg,https://comic.naver.com/webtoon/list?titleId=842815&tab=tue
화,염라강림,바른꽃,9.91,,https://comic.naver.com/webtoon/list?titleId=818192&tab=tue
화,사표내고 이계에서 힐링합니다,덤보 / 파란 / 딥블랙,9.96,,https://comic.naver.com/webtoon/list?titleId=800726&tab=tue
화,백작가의 비밀스런 시녀님,MIDNIGHT STUDIO / 백주아,9.98,,https://comic.naver.com/webtoon/list?titleId=830106&tab=tue
화,성검전설,최다킬,9.97,,https://comic.naver.com/webtoon/list?titleId=814356&tab=tue
화,사변괴담,강태진,9.93,,https://comic.naver.com/webtoon/list?titleId=804783&tab=tue
화,약 파는 황태자,하강호 / 히스 / 문백경,9.94,,https://comic.naver.com/webtoon/list?titleId=818969&tab=tue
화,불 빌려드릴까요?,호진,9.86,,https://comic.naver.com/webtoon/list?titleId=822931&tab=tue
화,긁지 않은 복권,보로리,9.83,,https://comic.naver.com/webtoon/list?titleId=828908&tab=tue
화,원주민 공포만화,원주민,9.85,,https://comic.naver.com/webtoon/list?titleId=698918&tab=tue
화,천만청춘,유월,9.98,,https://comic.naver.com/webtoon/list?titleId=828402&tab=tue
화,귀공자,한동우 / 이도희,9.92,,https://comic.naver.com/webtoon/list?titleId=831168&tab=tue
화,마교 교주의 부군이 되었다,성대호 / 쥬레이,8.54,,https://comic.naver.com/webtoon/list?titleId=837998&tab=tue
화,개집사,고추참치,9.97,,https://comic.naver.com/webtoon/list?titleId=828292&tab=tue
화,귀혼,야옹이,9.58,,https://comic.naver.com/webtoon/list?titleId=833705&tab=tue
화,구룡:사로카,"박만사, 백인휘 / 백인휘",4.84,,https://comic.naver.com/webtoon/list?titleId=833416&tab=tue
화,저 그런 인재 아닙니다,에몽 / 희진 / 덴피,9.96,,https://comic.naver.com/webtoon/list?titleId=802840&tab=tue
화,윌유메리미,마인드C,9.91,,https://comic.naver.com/webtoon/list?titleId=616239&tab=tue
화,가공낙원,삼촌,9.98,,https://comic.naver.com/webtoon/list?titleId=830053&tab=tue
화,불순물 연애,우짜,9.74,,https://comic.naver.com/webtoon/list?titleId=842335&tab=tue
화,나만 보는 탑 공략집,사도 / X-NAME / 쾌조,9.86,,https://comic.naver.com/webtoon/list?titleId=823434&tab=tue
화,남자일짱 김지안,영준 / 강건,9.84,,https://comic.naver.com/webtoon/list?titleId=843919&tab=tue
화,포 더 퀸덤,로즈옹,9.93,,https://comic.naver.com/webtoon/list?titleId=812414&tab=tue
화,스포일러,포르토 / 창대,9.77,,https://comic.naver.com/webtoon/list?titleId=843946&tab=tue
화,처음도 아닌데,미쪼 / 동탕 / 별규,9.93,,https://comic.naver.com/webtoon/list?titleId=837485&tab=tue
화,은주의 방 2~3부,노란구미,9.93,,https://comic.naver.com/webtoon/list?titleId=654138&tab=tue
화,빌런투킬,퓨핀 / 은지,9.92,,https://comic.naver.com/webtoon/list?titleId=765156&tab=tue
화,고고밍밍고,밍밍고,9.91,,https://comic.naver.com/webtoon/list?titleId=841824&tab=tue
화,죽어 천국에 가다,수사반장,9.93,,https://comic.naver.com/webtoon/list?titleId=826887&tab=tue
화,아름다운 줄리엣을 위하여,나사못 / 삼밀삼 / 도주차량,9.97,,https://comic.naver.com/webtoon/list?titleId=829139&tab=tue
화,야만의 청혼,team IRUKA / 이윤아,9.74,,https://comic.naver.com/webtoon/list?titleId=833873&tab=tue
화,환생했더니 단종의 보모나인,"비단가리비, 비단살쮜 / 트루 / 윤인수",9.91,,https://comic.naver.com/webtoon/list?titleId=843921&tab=tue
화,사지선다,팀 네잎,9.92,,https://comic.naver.com/webtoon/list?titleId=841128&tab=tue
화,한계 찢는 천재마법사,플랑K톤 / 김현준 / 얼음초코,9.69,,https://comic.naver.com/webtoon/list?titleId=839353&tab=tue
화,사리네 보석함,쪼,9.91,,https://comic.naver.com/webtoon/list?titleId=822833&tab=tue
화,빛나는 나나나나,마라링,9.93,,https://comic.naver.com/webtoon/list?titleId=818205&tab=tue
화,클래스메이트,수리부,9.93,,https://comic.naver.com/webtoon/list?titleId=842086&tab=tue
화,아랫집 윗집 사이에,구슬창,9.67,,https://comic.naver.com/webtoon/list?titleId=834734&tab=tue
화,브레이커즈,JDL / 뚱또 / 취룡,9.84,,https://comic.naver.com/webtoon/list?titleId=841810&tab=tue
화,터닝포인트,숭어,9.95,,https://comic.naver.com/webtoon/list?titleId=843450&tab=tue
화,대공님의 신부는 지옥의 전사,개바시 / 디참 / 김모안,9.94,,https://comic.naver.com/webtoon/list?titleId=839404&tab=tue
화,에이머,구동인,9.81,,https://comic.naver.com/webtoon/list?titleId=400739&tab=tue
화,욕망을 가르쳐주세요,날파카 / 단리한,9.96,,https://comic.naver.com/webtoon/list?titleId=829238&tab=tue
화,스마일 복서,상상어,9.87,,https://comic.naver.com/webtoon/list?titleId=841320&tab=tue
화,풍요의 여신과 천재 망나니 사도님,성구 / 곰산타,9.89,,https://comic.naver.com/webtoon/list?titleId=842346&tab=tue
화,그냥 선생님,연일,9.97,,https://comic.naver.com/webtoon/list?titleId=804333&tab=tue
화,335KM,Eh희,9.84,,https://comic.naver.com/webtoon/list?titleId=839678&tab=tue
화,콩에서 새싹이!,숙희,9.76,,https://comic.naver.com/webtoon/list?titleId=843325&tab=tue
화,재난은 늘 곁에 있다,이혜,9.97,,https://comic.naver.com/webtoon/list?titleId=827333&tab=tue
화,착한 여자 안선해,선우,9.92,,https://comic.naver.com/webtoon/list?titleId=812576&tab=tue
화,아폴론 저축은행,차무진 / 혁씨,9.42,,https://comic.naver.com/webtoon/list?titleId=842845&tab=tue
화,흑역사 어게인,안수민,9.93,,https://comic.naver.com/webtoon/list?titleId=814817&tab=tue
화,티키타카,하하영 / 애크쵸,9.82,,https://comic.naver.com/webtoon/list?titleId=833244&tab=tue
화,설레는 소리,코어,9.90,,https://comic.naver.com/webtoon/list?titleId=843143&tab=tue
화,내남친 킹카만들기,랑쓰 / 섯끼,9.90,,https://comic.naver.com/webtoon/list?titleId=791126&tab=tue
화,존X킬러,메론뽀이,9.38,,https://comic.naver.com/webtoon/list?titleId=841930&tab=tue
화,킬링필드,"MAJOR, 012 / 012",9.40,,https://comic.naver.com/webtoon/list?titleId=836361&tab=tue
화,좀비떼로,오태호 / 햇님,9.76,,https://comic.naver.com/webtoon/list?titleId=840597&tab=tue
화,무원야담,호우,9.97,,https://comic.naver.com/webtoon/list?titleId=818255&tab=tue
화,뜻밖의 청혼,이건 / 홍홍 / 해사,9.92,,https://comic.naver.com/webtoon/list?titleId=821855&tab=tue
화,디펜스 브레이커,주신 / 이노,9.45,,https://comic.naver.com/webtoon/list?titleId=840348&tab=tue
화,미생물,기제희,9.76,,https://comic.naver.com/webtoon/list?titleId=841638&tab=tue
화,원시인 김동우,정이리이리 / 이승찬,9.87,,https://comic.naver.com/webtoon/list?titleId=835242&tab=tue
화,아카데미가 망했다,BIN / GG / ROHRAN,9.78,,https://comic.naver.com/webtoon/list?titleId=828077&tab=tue
화,인생내꺼,미티 / 구구,9.79,,https://comic.naver.com/webtoon/list?titleId=835582&tab=tue
화,붉은 이정표,달뜬,9.90,,https://comic.naver.com/webtoon/list?titleId=790776&tab=tue
화,렌탈히어로,포르토 / 코벳,9.82,,https://comic.naver.com/webtoon/list?titleId=808804&tab=tue
화,완벽한 실눈 악역을 연기하다,건실청년 / 80 / 봄가을,9.83,,https://comic.naver.com/webtoon/list?titleId=837632&tab=tue
화,연애 못하면 사망,홍치,9.93,,https://comic.naver.com/webtoon/list?titleId=834175&tab=tue
화,던전공략은 복붙이지,REDSTONE!! / 장부규(BKORI),9.50,,https://comic.naver.com/webtoon/list?titleId=829721&tab=tue
화,가짜 성녀를 지켜라!,나리온,9.95,,https://comic.naver.com/webtoon/list?titleId=840954&tab=tue
화,친애하는 연서,김방학,8.71,,https://comic.naver.com/webtoon/list?titleId=822578&tab=tue
화,"천재, 만재, 백재!",심모람,9.96,,https://comic.naver.com/webtoon/list?titleId=835244&tab=tue
화,눈 감은 하늘의 기사,모니,9.85,,https://comic.naver.com/webtoon/list?titleId=838947&tab=tue
화,멀리서 온 에일리,아마도지 / 사삭,9.86,,https://comic.naver.com/webtoon/list?titleId=840874&tab=tue
화,해가 드는 곳으로,티후,9.90,,https://comic.naver.com/webtoon/list?titleId=842676&tab=tue
화,비기닝즈,박정운,9.03,,https://comic.naver.com/webtoon/list?titleId=840344&tab=tue
화,헬스x로맨스,인미,9.86,,https://comic.naver.com/webtoon/list?titleId=822876&tab=tue
화,킬링 스프리,SN / 배현희,9.91,,https://comic.naver.com/webtoon/list?titleId=826437&tab=tue
화,시한부 황후의 나쁜 짓,굄 / 이준 / 정무늬,9.86,,https://comic.naver.com/webtoon/list?titleId=819054&tab=tue
화,문어숙희숙회,수현 / 김도비,9.09,,https://comic.naver.com/webtoon/list?titleId=826609&tab=tue
화,불완전X스타,성목,9.61,,https://comic.naver.com/webtoon/list?titleId=841333&tab=tue
화,썸머문: 더 큐프리즈,HYBE,9.22,,https://comic.naver.com/webtoon/list?titleId=840900&tab=tue
화,나노마신,현절무 / 금강불괴 / 한중월야,,,https://comic.naver.com/webtoon/list?titleId=747271
화,소꿉친구 컴플렉스,은하이,,,https://comic.naver.com/webtoon/list?titleId=822640
화,만남어플 중독,루즌아,,,https://comic.naver.com/webtoon/list?titleId=839004
화,전지적 독자 시점,UMI / 슬리피-C / 싱숑,,,https://comic.naver.com/webtoon/list?titleId=747269
화,외모지상주의,박태준,,,https://comic.naver.com/webtoon/list?titleId=641253
화,신체,엄세윤 / 정썸머,,,https://comic.naver.com/webtoon/list?titleId=844058
화,둥굴레차!,기라3,,,https://comic.naver.com/webtoon/list?titleId=626939
화,레드 레인(Red Rain),모서리 / 테랍 / 류향,,,https://comic.naver.com/webtoon/list?titleId=843948
화,1초에 100만원,"이지호, 도보리 / 웨이브",,,https://comic.naver.com/webtoon/list?titleId=842977
화,남자일짱 김지안,영준 / 강건,,,https://comic.naver.com/webtoon/list?titleId=843919
수,전지적 독자 시점,UMI / 슬리피-C / 싱숑,9.95,https://image-comic.pstatic.net/webtoon/834502/thumbnail/titledescimage/objectImage_543ef103-3edc-4cbf-86d4-a31c95e9e1dc.png,https://comic.naver.com/webtoon/list?titleId=747269&tab=wed
수,종말이 찾아왔다,전선욱,9.82,https://image-comic.pstatic.net/webtoon/834502/thumbnail/titledescimage/frontImage_d18fca09-d323-4009-8bb7-b97687e5b1e7.png,https://comic.naver.com/webtoon/list?titleId=838002&tab=wed
수,"울어 봐, 빌어도 좋고",반지 / 솔체,9.94,https://image-comic.pstatic.net/webtoon/841087/thumbnail/titledescimage/objectImage_e36bf9ac-ce3f-416f-a824-d150896d8906.png,https://comic.naver.com/webtoon/list?titleId=814826&tab=wed
수,마음의소리(였던 것),조석,9.95,https://image-comic.pstatic.net/webtoon/841087/thumbnail/titledescimage/frontImage_91f029f9-82a8-44c4-b7a3-3af25b9a5e8d.png,https://comic.naver.com/webtoon/list?titleId=821793&tab=wed
수,무직백수 계백순,지발,9.86,https://image-comic.pstatic.net/webtoon/747269/thumbnail/thumbnail_IMAG21_aabd9952-ff45-47a2-a543-33f19a5c6708.jpg,https://comic.naver.com/webtoon/list?titleId=811721&tab=wed
수,운명을 보는 회사원,영완(映完) / 임성욱,9.95,https://image-comic.pstatic.net/webtoon/838002/thumbnail/thumbnail_IMAG21_aee939b2-2d3c-445f-a7d8-82414f4f9482.jpg,https://comic.naver.com/webtoon/list?titleId=797443&tab=wed
수,썰:관계주의,이삼 / 장버들,9.93,https://image-comic.pstatic.net/webtoon/814826/thumbnail/thumbnail_IMAG21_b2235fb8-5ea0-4ac9-b0dd-4078edbba634.jpg,https://comic.naver.com/webtoon/list?titleId=834033&tab=wed
수,쌉초의 난,쌉초,9.98,https://image-comic.pstatic.net/webtoon/821793/thumbnail/thumbnail_IMAG21_c5c798a7-dadf-487b-9bea-485928755332.jpg,https://comic.naver.com/webtoon/list?titleId=823195&tab=wed
수,일렉시드,손제호 / 제나,9.84,https://image-comic.pstatic.net/webtoon/811721/thumbnail/thumbnail_IMAG21_5e1f571d-1c76-4b2a-b8b1-742865ab82f9.jpg,https://comic.naver.com/webtoon/list?titleId=717481&tab=wed
수,중대장은 실망했다,이량,9.91,https://image-comic.pstatic.net/webtoon/797443/thumbnail/thumbnail_IMAG21_f1856c97-c511-4147-a438-a26aab98ef8a.jpg,https://comic.naver.com/webtoon/list?titleId=841639&tab=wed
수,천마는 조용히 살고싶다,"기제마, 전명우 / 슬우 / 김강현",9.92,https://image-comic.pstatic.net/webtoon/834033/thumbnail/thumbnail_IMAG21_f66ac77c-e42f-4727-8e2b-faf896c7d9ab.jpg,https://comic.naver.com/webtoon/list?titleId=834502&tab=wed
수,사천당가의 검신급 소가주가 되었다,PSG / 김종섭 / 화계,9.83,https://image-comic.pstatic.net/webtoon/823195/thumbnail/thumbnail_IMAG21_5a92d1bb-bfc1-4f46-aff6-9131d1b20b07.jpg,https://comic.naver.com/webtoon/list?titleId=822862&tab=wed
수,캐슬2:만인지상,"정연, 박만사 / 정연",9.93,https://image-comic.pstatic.net/webtoon/717481/thumbnail/thumbnail_IMAG21_3545800975505057126.jpg,https://comic.naver.com/webtoon/list?titleId=807178&tab=wed
수,백XX,"병장, 박만사 / 펀치킥",9.85,https://image-comic.pstatic.net/webtoon/841639/thumbnail/thumbnail_IMAG21_523d5bed-e0b6-4e46-a31c-ba5c7294d7dc.jpg,https://comic.naver.com/webtoon/list?titleId=804862&tab=wed
수,강제소집,남자의 이야기 / GArt,9.34,https://image-comic.pstatic.net/webtoon/834502/thumbnail/thumbnail_IMAG21_25ffd7bf-90c6-4986-b8c4-7af00f8111e5.jpg,https://comic.naver.com/webtoon/list?titleId=838351&tab=wed
수,성스러운 작가생활,이작가야,9.95,https://image-comic.pstatic.net/webtoon/822862/thumbnail/thumbnail_IMAG21_d33d1add-9e35-4167-aeae-0474495a2e90.jpg,https://comic.naver.com/webtoon/list?titleId=807859&tab=wed
수,미래의 골동품 가게,구아진,9.97,https://image-comic.pstatic.net/webtoon/807178/thumbnail/thumbnail_IMAG21_28fcfb22-aae7-41b4-8767-05f6dd176b03.jpg,https://comic.naver.com/webtoon/list?titleId=742105&tab=wed
수,왕따가 격투기를 너무 잘함,"박만사, 김꿀빨 / 김꿀빨 / 아몬드빵",9.83,https://image-comic.pstatic.net/webtoon/804862/thumbnail/thumbnail_IMAG21_f1b2f920-5c10-4155-a547-0c25a7132d8f.jpeg,https://comic.naver.com/webtoon/list?titleId=806888&tab=wed
수,당신의 가격을 알려드립니다,"무비, 곽동주 / 두민",9.63,https://image-comic.pstatic.net/webtoon/838351/thumbnail/thumbnail_IMAG21_198cb06d-cb3b-4852-b895-84302b8129f1.jpg,https://comic.naver.com/webtoon/list?titleId=840840&tab=wed
수,어느 마법사의 식당,차씨 / 스튜디오 이너스 / 배드보이즈,9.96,https://image-comic.pstatic.net/webtoon/747271/thumbnail/thumbnail_IMAG21_d46b4a69-6de0-41be-b368-ce5e74ab8f76.jpg,https://comic.naver.com/webtoon/list?titleId=818888&tab=wed
수,베이비 폭군,정난 / 아원 / 이흰,9.97,https://image-comic.pstatic.net/webtoon/822640/thumbnail/thumbnail_IMAG21_009dd859-91d1-4682-862b-bace6d93fc79.jpg,https://comic.naver.com/webtoon/list?titleId=807019&tab=wed
수,무림서부,임팩 / 정한길 / 컵라면.,9.95,https://image-comic.pstatic.net/webtoon/839004/thumbnail/thumbnail_IMAG21_258e9101-6b52-49a2-bcaa-6f90f540624f.jpg,https://comic.naver.com/webtoon/list?titleId=784417&tab=wed
수,방구석 재민이,뽈쟁이,9.60,https://image-comic.pstatic.net/webtoon/747269/thumbnail/thumbnail_IMAG21_aabd9952-ff45-47a2-a543-33f19a5c6708.jpg,https://comic.naver.com/webtoon/list?titleId=839712&tab=wed
수,나쁜사람,둠스,9.70,https://image-comic.pstatic.net/webtoon/641253/thumbnail/thumbnail_IMAG21_01672165-03c8-44b1-ba0e-ef82c9cfcd10.jpg,https://comic.naver.com/webtoon/list?titleId=750184&tab=wed
수,마교전선 비룡십삼대,신검일 / 고굼마 / 겨울반디,9.54,https://image-comic.pstatic.net/webtoon/844058/thumbnail/thumbnail_IMAG21_18e663e7-b2bc-4c26-8163-ea7fb31b64a9.jpg,https://comic.naver.com/webtoon/list?titleId=842352&tab=wed
수,미연,서녜,9.98,https://image-comic.pstatic.net/webtoon/626939/thumbnail/thumbnail_IMAG21_8065f68b-a5ab-4107-98a3-661e0dc3100c.jpg,https://comic.naver.com/webtoon/list?titleId=837864&tab=wed
수,천재는 평범하게 살기로 했더,비단가리비 / 아티 / 자손e,9.96,,https://comic.naver.com/webtoon/list?titleId=835042&tab=wed
수,밥먹고가라,김해마 / 더 비숑 / 고두열,9.94,,https://comic.naver.com/webtoon/list?titleId=838956&tab=wed
수,명품관의 진상,소리쳐,9.97,,https://comic.naver.com/webtoon/list?titleId=833681&tab=wed
수,파국연애,달밤비 / 예나,9.75,,https://comic.naver.com/webtoon/list?titleId=842201&tab=wed
수,건곤불이기,"박만사, 노경찬 / 형1978 / 임준욱",9.87,,https://comic.naver.com/webtoon/list?titleId=829211&tab=wed
수,해골전령 이야기,kain_y / 소라게,9.95,,https://comic.naver.com/webtoon/list?titleId=842620&tab=wed
수,당골,남승우 / 김교,9.96,,https://comic.naver.com/webtoon/list?titleId=838215&tab=wed
수,빌드업,911,9.85,,https://comic.naver.com/webtoon/list?titleId=750826&tab=wed
수,첩자의 마교생활,DALGON / 대은호,9.82,,https://comic.naver.com/webtoon/list?titleId=836382&tab=wed
수,미아가 돌아왔다,귤다래 / 멈멈,9.64,,https://comic.naver.com/webtoon/list?titleId=841491&tab=wed
수,품위증명,적록 / 염밀,9.95,,https://comic.naver.com/webtoon/list?titleId=837455&tab=wed
수,내 분신이 거물이 되어간다,LICO / 한사 / 실험샘플,9.86,,https://comic.naver.com/webtoon/list?titleId=832667&tab=wed
수,잠겨죽어도,쟁눠 / 성실,9.96,,https://comic.naver.com/webtoon/list?titleId=824065&tab=wed
수,모닥불 친구들,다롱다리,9.95,,https://comic.naver.com/webtoon/list?titleId=837439&tab=wed
수,2025 루키 단편선,네이버웹툰 작가,9.80,,https://comic.naver.com/webtoon/list?titleId=842453&tab=wed
수,두 번 빼앗긴 남편,"슈붕, 텐 / 영다 / 리키타",9.90,,https://comic.naver.com/webtoon/list?titleId=839880&tab=wed
수,신수 유치원,여눅 / 밈바 / 글맛,9.66,,https://comic.naver.com/webtoon/list?titleId=835762&tab=wed
수,낫오버,돌석,9.94,,https://comic.naver.com/webtoon/list?titleId=826440&tab=wed
수,"시바, 만만치 않다",상금,9.97,,https://comic.naver.com/webtoon/list?titleId=827614&tab=wed
수,두 번 사는 프로듀서,여로운 / 왕십리글쟁이,9.89,,https://comic.naver.com/webtoon/list?titleId=780253&tab=wed
수,결혼은 당신 형과,서각 / 정다혜 / 하윤미,9.69,,https://comic.naver.com/webtoon/list?titleId=835753&tab=wed
수,귀령,가나라 / 소희 / 월하야담,9.96,,https://comic.naver.com/webtoon/list?titleId=832095&tab=wed
수,칼부림,고일권,9.92,,https://comic.naver.com/webtoon/list?titleId=602916&tab=wed
수,마님이네 미국 시골집 이야기,마님,9.08,,https://comic.naver.com/webtoon/list?titleId=814048&tab=wed
수,뽀대작렬,상하,9.96,,https://comic.naver.com/webtoon/list?titleId=820923&tab=wed
수,전력고백,손차양 / 냥지,9.92,,https://comic.naver.com/webtoon/list?titleId=833248&tab=wed
수,대장전,신형욱 / 이광수,9.86,,https://comic.naver.com/webtoon/list?titleId=829830&tab=wed
수,겨울잠,임레이스,9.86,,https://comic.naver.com/webtoon/list?titleId=838948&tab=wed
수,호호와 거난이 무삭제판,호호,9.91,,https://comic.naver.com/webtoon/list?titleId=834040&tab=wed
수,아가씨는 못말려,김연우,9.93,,https://comic.naver.com/webtoon/list?titleId=843869&tab=wed
수,수인 보호소에서 남주를 입양해 버렸다,유지별이 / 설단희,9.97,,https://comic.naver.com/webtoon/list?titleId=814599&tab=wed
수,레모네이드,혜루,9.95,,https://comic.naver.com/webtoon/list?titleId=842899&tab=wed
수,달마건,양영순,2.94,,https://comic.naver.com/webtoon/list?titleId=835801&tab=wed
수,언덕 위의 제임스,쿠당탕,9.92,,https://comic.naver.com/webtoon/list?titleId=671421&tab=wed
수,네 이웃을 사랑하라,하지,9.84,,https://comic.naver.com/webtoon/list?titleId=840540&tab=wed
수,낙화의별,MOOHAK,9.84,,https://comic.naver.com/webtoon/list?titleId=843318&tab=wed
수,오늘은 뭐하고 놀까?,햄김밥,9.86,,https://comic.naver.com/webtoon/list?titleId=842116&tab=wed
수,나의 짭사랑,이일공,9.95,,https://comic.naver.com/webtoon/list?titleId=835609&tab=wed
수,완전무결한 공작님께,솔트 / 진 / 이현성,9.89,,https://comic.naver.com/webtoon/list?titleId=843888&tab=wed
수,그림자의 밤,융,9.97,,https://comic.naver.com/webtoon/list?titleId=783596&tab=wed
수,남제,"윤영일, MAJOR / 윤영일",9.86,,https://comic.naver.com/webtoon/list?titleId=834566&tab=wed
수,마침표의 유예기간,고아라,9.98,,https://comic.naver.com/webtoon/list?titleId=822309&tab=wed
수,발할라 사가,현가 / 트리플라인 / 취룡,9.93,,https://comic.naver.com/webtoon/list?titleId=833365&tab=wed
수,여명의 등불,구크,9.90,,https://comic.naver.com/webtoon/list?titleId=822109&tab=wed
수,계약 결혼 종료,꾸리 / Lee jihye,9.92,,https://comic.naver.com/webtoon/list?titleId=839331&tab=wed
수,그랜드 피날레,Unreal,9.96,,https://comic.naver.com/webtoon/list?titleId=838372&tab=wed
수,좀비상조,제피가루 / 모아이,9.91,,https://comic.naver.com/webtoon/list?titleId=827784&tab=wed
수,별과 사슬이 뜨는 섬,어패류메기 / 훌리,9.86,,https://comic.naver.com/webtoon/list?titleId=837100&tab=wed
수,연애일기,Hanna,9.93,,https://comic.naver.com/webtoon/list?titleId=821408&tab=wed
수,마누의 딸들,신일숙,9.93,,https://comic.naver.com/webtoon/list?titleId=841087&tab=wed
수,3인분,사즈,9.86,,https://comic.naver.com/webtoon/list?titleId=836832&tab=wed
수,말숙이를 부탁해,임규현,9.94,,https://comic.naver.com/webtoon/list?titleId=807634&tab=wed
수,포비든 플레저,탐포포에이키,7.93,,https://comic.naver.com/webtoon/list?titleId=843209&tab=wed
수,S급 공무수행에 협조 부탁드립니다,마귀 / 예림 / 재겸,9.85,,https://comic.naver.com/webtoon/list?titleId=843070&tab=wed
수,양아치와 조폭아가씨,무등각,9.60,,https://comic.naver.com/webtoon/list?titleId=840949&tab=wed
수,멸종위기종인간,사하라,9.48,,https://comic.naver.com/webtoon/list?titleId=791892&tab=wed
수,나태한 마왕은 신과 싸우기로 결심한다.,백창훈,9.84,,https://comic.naver.com/webtoon/list?titleId=826853&tab=wed
수,아이스크림 소년,은풀,9.93,,https://comic.naver.com/webtoon/list?titleId=834349&tab=wed
수,생존버스,Red,9.95,,https://comic.naver.com/webtoon/list?titleId=828056&tab=wed
수,고백하면 끝나는 만화,윤딘,9.92,,https://comic.naver.com/webtoon/list?titleId=819952&tab=wed
수,줄리에게,제야,9.74,,https://comic.naver.com/webtoon/list?titleId=808508&tab=wed
수,어시스턴트,38,9.41,,https://comic.naver.com/webtoon/list?titleId=839587&tab=wed
수,더러운 것 가운데에서,함돌 / 진서,9.86,,https://comic.naver.com/webtoon/list?titleId=835501&tab=wed
수,뱀파이어의 연금술,달 / 심청,9.62,,https://comic.naver.com/webtoon/list?titleId=840113&tab=wed
수,메리 배드 19세,파로메,9.58,,https://comic.naver.com/webtoon/list?titleId=829973&tab=wed
수,판박귀,킹맨,9.86,,https://comic.naver.com/webtoon/list?titleId=823433&tab=wed
수,우리의 연애일지,오늘,9.53,,https://comic.naver.com/webtoon/list?titleId=807745&tab=wed
수,범상찮은 밤,어사화,9.97,,https://comic.naver.com/webtoon/list?titleId=810682&tab=wed
수,4년 6개월을 잃은 여자,두지,9.90,,https://comic.naver.com/webtoon/list?titleId=834523&tab=wed
수,법법궤궤,고사리박사,9.95,,https://comic.naver.com/webtoon/list?titleId=826536&tab=wed
수,유사품에 주의하세요,초롱이,9.69,,https://comic.naver.com/webtoon/list?titleId=838943&tab=wed
수,연기깡패,예도,9.92,,https://comic.naver.com/webtoon/list?titleId=836685&tab=wed
수,레베카의 기도,주은,9.83,,https://comic.naver.com/webtoon/list?titleId=834987&tab=wed
수,저주인형 김명자,이개 / 집손이,9.92,,https://comic.naver.com/webtoon/list?titleId=827293&tab=wed
수,1등을 위해,재른,9.32,,https://comic.naver.com/webtoon/list?titleId=841826&tab=wed
수,나노마신,현절무 / 금강불괴 / 한중월야,,,https://comic.naver.com/webtoon/list?titleId=747271
수,소꿉친구 컴플렉스,은하이,,,https://comic.naver.com/webtoon/list?titleId=822640
수,만남어플 중독,루즌아,,,https://comic.naver.com/webtoon/list?titleId=839004
수,전지적 독자 시점,UMI / 슬리피-C / 싱숑,,,https://comic.naver.com/webtoon/list?titleId=747269
수,외모지상주의,박태준,,,https://comic.naver.com/webtoon/list?titleId=641253
수,신체,엄세윤 / 정썸머,,,https://comic.naver.com/webtoon/list?titleId=844058
수,둥굴레차!,기라3,,,https://comic.naver.com/webtoon/list?titleId=626939
수,레드 레인(Red Rain),모서리 / 테랍 / 류향,,,https://comic.naver.com/webtoon/list?titleId=843948
수,1초에 100만원,"이지호, 도보리 / 웨이브",,,https://comic.naver.com/webtoon/list?titleId=842977
수,남자일짱 김지안,영준 / 강건,,,https://comic.naver.com/webtoon/list?titleId=843919
목,만남어플 중독,루즌아,9.84,https://image-comic.pstatic.net/webtoon/839582/thumbnail/titledescimage/objectImage_d83702d9-3916-493c-8590-e49a784f9f5c.png,https://comic.naver.com/webtoon/list?titleId=839004&tab=thu
목,나노마신,현절무 / 금강불괴 / 한중월야,9.82,https://image-comic.pstatic.net/webtoon/839582/thumbnail/titledescimage/backImage_1d245dc3-4bd0-4369-b9ae-7685a90eafc1.png,https://comic.naver.com/webtoon/list?titleId=747271&tab=thu
목,육아일기,자까,9.96,https://image-comic.pstatic.net/webtoon/839582/thumbnail/titledescimage/frontImage_e27d4615-5975-404b-8198-f9f367471ecb.png,https://comic.naver.com/webtoon/list?titleId=812354&tab=thu
목,마흔 즈음에,서쿤스,9.91,https://image-comic.pstatic.net/webtoon/817631/thumbnail/titledescimage/objectImage_01790790-3326-499f-8fca-eae45af56161.png,https://comic.naver.com/webtoon/list?titleId=836052&tab=thu
목,재벌집 막내아들,JP / 김병관 / 산경(山景),9.97,https://image-comic.pstatic.net/webtoon/817631/thumbnail/titledescimage/backImage_a85109c3-0e71-4224-bcb3-8a66e5cbe6d1.png,https://comic.naver.com/webtoon/list?titleId=800770&tab=thu
목,별 거 아니겠지,쥐망,9.92,https://image-comic.pstatic.net/webtoon/817631/thumbnail/titledescimage/frontImage_1eea8d42-e927-4470-9c94-9e59bd4b62ae.png,https://comic.naver.com/webtoon/list?titleId=839544&tab=thu
목,천마육성,광휘 / 조형근,9.91,https://image-comic.pstatic.net/webtoon/839004/thumbnail/thumbnail_IMAG21_258e9101-6b52-49a2-bcaa-6f90f540624f.jpg,https://comic.naver.com/webtoon/list?titleId=776255&tab=thu
목,마음의소리(였던 것),조석,9.95,https://image-comic.pstatic.net/webtoon/747271/thumbnail/thumbnail_IMAG21_d46b4a69-6de0-41be-b368-ce5e74ab8f76.jpg,https://comic.naver.com/webtoon/list?titleId=821793&tab=thu
목,무사만리행,운 / 배민기,9.92,https://image-comic.pstatic.net/webtoon/812354/thumbnail/thumbnail_IMAG21_c20b50b3-8cbd-4f14-a8f8-5a67e5cacea0.jpg,https://comic.naver.com/webtoon/list?titleId=746857&tab=thu
목,게임 속 바바리안으로 살아남기,팀 더 지크 / MIDNIGHT STUDIO / 정윤강,9.97,https://image-comic.pstatic.net/webtoon/836052/thumbnail/thumbnail_IMAG21_b475b1ef-5d2a-4afe-a1b4-5b3c6cc577f7.jpg,https://comic.naver.com/webtoon/list?titleId=808482&tab=thu
목,"풍작이에요, 마왕님!",이현민 / 여강현 / 문백경,9.97,https://image-comic.pstatic.net/webtoon/800770/thumbnail/thumbnail_IMAG21_d2e1e7ee-fc83-4030-a1e7-200378bc088f.jpg,https://comic.naver.com/webtoon/list?titleId=837486&tab=thu
목,"송이연 50살, 이혼 한 달 차",인유유,9.82,https://image-comic.pstatic.net/webtoon/839544/thumbnail/thumbnail_IMAG21_c9de8d27-2e5c-44e3-9a9f-9b2e25dbb424.jpg,https://comic.naver.com/webtoon/list?titleId=835206&tab=thu
목,소꿉친구 컴플렉스,은하이,9.91,https://image-comic.pstatic.net/webtoon/776255/thumbnail/thumbnail_IMAG21_2b72cd4f-c75c-4124-939f-15165d391890.jpg,https://comic.naver.com/webtoon/list?titleId=822640&tab=thu
목,이세계 캠핑으로 힐링 라이프,일인분 / 맹깐 / 금의행,9.98,https://image-comic.pstatic.net/webtoon/821793/thumbnail/thumbnail_IMAG21_c5c798a7-dadf-487b-9bea-485928755332.jpg,https://comic.naver.com/webtoon/list?titleId=823971&tab=thu
목,작두,232 / POGO,9.94,https://image-comic.pstatic.net/webtoon/746857/thumbnail/thumbnail_IMAG21_9a0d4005-34a6-4fb5-a9dc-61a305cb580d.jpg,https://comic.naver.com/webtoon/list?titleId=828294&tab=thu
목,구세라,승 / 한기쁨,9.82,https://image-comic.pstatic.net/webtoon/808482/thumbnail/thumbnail_IMAG21_0afa3b22-2ed4-47ba-b791-9c8e3a30f6ba.jpg,https://comic.naver.com/webtoon/list?titleId=834421&tab=thu
목,사내연애 사절!,두부 / 남수,9.97,https://image-comic.pstatic.net/webtoon/837486/thumbnail/thumbnail_IMAG21_95cd6be7-b46a-400d-9e3c-2457e71eb7b3.jpg,https://comic.naver.com/webtoon/list?titleId=814512&tab=thu
목,정글쥬스,형은 / 쥬더,9.93,https://image-comic.pstatic.net/webtoon/835206/thumbnail/thumbnail_IMAG21_afeb448a-357f-42ce-9010-a3281cded742.jpg,https://comic.naver.com/webtoon/list?titleId=762279&tab=thu
목,버려진 나의 최애를 위하여,류호 / 기묭 / 김선유,9.97,https://image-comic.pstatic.net/webtoon/822640/thumbnail/thumbnail_IMAG21_009dd859-91d1-4682-862b-bace6d93fc79.jpg,https://comic.naver.com/webtoon/list?titleId=794155&tab=thu
목,백투더찬비,장사휘,9.56,https://image-comic.pstatic.net/webtoon/823971/thumbnail/thumbnail_IMAG21_ec848365-0106-4bf2-8c5d-3c0b1723f8b2.jpg,https://comic.naver.com/webtoon/list?titleId=826322&tab=thu
목,현실퀘스트,이주운 / 태성,9.82,https://image-comic.pstatic.net/webtoon/828294/thumbnail/thumbnail_IMAG21_840e741d-f74e-44bc-b60b-a4e132516889.jpg,https://comic.naver.com/webtoon/list?titleId=783888&tab=thu
목,나 혼자 네크로맨서,김경열 / 김동준 / 지점장,9.94,https://image-comic.pstatic.net/webtoon/747271/thumbnail/thumbnail_IMAG21_d46b4a69-6de0-41be-b368-ce5e74ab8f76.jpg,https://comic.naver.com/webtoon/list?titleId=780170&tab=thu
목,내향남녀,나,9.97,https://image-comic.pstatic.net/webtoon/822640/thumbnail/thumbnail_IMAG21_009dd859-91d1-4682-862b-bace6d93fc79.jpg,https://comic.naver.com/webtoon/list?titleId=812629&tab=thu
목,오늘의 한요일은 여자다,송극장,9.91,https://image-comic.pstatic.net/webtoon/839004/thumbnail/thumbnail_IMAG21_258e9101-6b52-49a2-bcaa-6f90f540624f.jpg,https://comic.naver.com/webtoon/list?titleId=837504&tab=thu
목,회귀한 천재 헌터의 슬기로운 청소생활,고일고일 / 달비트,9.86,https://image-comic.pstatic.net/webtoon/747269/thumbnail/thumbnail_IMAG21_aabd9952-ff45-47a2-a543-33f19a5c6708.jpg,https://comic.naver.com/webtoon/list?titleId=796827&tab=thu
목,검은 머리 영국 의사,이유수 / 오첸 / 한산이가,9.95,https://image-comic.pstatic.net/webtoon/641253/thumbnail/thumbnail_IMAG21_01672165-03c8-44b1-ba0e-ef82c9cfcd10.jpg,https://comic.naver.com/webtoon/list?titleId=835435&tab=thu
목,당신의 살인을 위하여,세윤 / 징크,9.91,https://image-comic.pstatic.net/webtoon/844058/thumbnail/thumbnail_IMAG21_18e663e7-b2bc-4c26-8163-ea7fb31b64a9.jpg,https://comic.naver.com/webtoon/list?titleId=836066&tab=thu
목,삼이는 재생한다,강은영,9.98,https://image-comic.pstatic.net/webtoon/626939/thumbnail/thumbnail_IMAG21_8065f68b-a5ab-4107-98a3-661e0dc3100c.jpg,https://comic.naver.com/webtoon/list?titleId=822874&tab=thu
목,가족같은 XX,서우현,9.94,,https://comic.naver.com/webtoon/list?titleId=790239&tab=thu
목,쓰레기의 법칙,서연,9.86,,https://comic.naver.com/webtoon/list?titleId=835809&tab=thu
목,언더복서,눈매 / 이재훈,9.37,,https://comic.naver.com/webtoon/list?titleId=842449&tab=thu
목,시한부 천재 암흑기사,판테라 / 나기 / 정선율,9.82,,https://comic.naver.com/webtoon/list?titleId=809625&tab=thu
목,게임 최강 트롤러,박종석 / YATO / 군만두먹자,9.91,,https://comic.naver.com/webtoon/list?titleId=801698&tab=thu
목,쿠베라,카레곰,9.96,,https://comic.naver.com/webtoon/list?titleId=131385&tab=thu
목,독방의 글쓴이,강일,9.89,,https://comic.naver.com/webtoon/list?titleId=842213&tab=thu
목,안녕 오목눈이 그리핀!,임형,9.93,,https://comic.naver.com/webtoon/list?titleId=840358&tab=thu
목,저승사자:제령무사,웨방상,9.91,,https://comic.naver.com/webtoon/list?titleId=827175&tab=thu
목,천마님 안마하신다,이석준 / 소소 / 레빗토끼,9.91,,https://comic.naver.com/webtoon/list?titleId=824264&tab=thu
목,최강전설 강해효,최병열,9.56,,https://comic.naver.com/webtoon/list?titleId=570506&tab=thu
목,배드 본 블러드,호박새 / D-Park / 백수귀족,9.97,,https://comic.naver.com/webtoon/list?titleId=833388&tab=thu
목,오빠세끼,올리브유,9.88,,https://comic.naver.com/webtoon/list?titleId=758659&tab=thu
목,2025 루키 단편선,네이버웹툰 작가,9.80,,https://comic.naver.com/webtoon/list?titleId=842453&tab=thu
목,김오진과 이상한 동물들,기선 / 필살린,9.96,,https://comic.naver.com/webtoon/list?titleId=838262&tab=thu
목,배달왕,박만사,6.42,,https://comic.naver.com/webtoon/list?titleId=823933&tab=thu
목,최서연의 회피한 날들,김노이,9.74,,https://comic.naver.com/webtoon/list?titleId=842345&tab=thu
목,악귀나찰,김숭늉 / 김구름,9.81,,https://comic.naver.com/webtoon/list?titleId=841569&tab=thu
목,일립예고 학생들,백본,9.97,,https://comic.naver.com/webtoon/list?titleId=812962&tab=thu
목,껍데기,도노,9.74,,https://comic.naver.com/webtoon/list?titleId=836950&tab=thu
목,종이호랑이,"몹시찰진우럭 / 몹시찰진우럭, 영목",9.96,,https://comic.naver.com/webtoon/list?titleId=833489&tab=thu
목,전직용병의 검사생활,박성호 / 양동철 / 10000LAB,9.53,,https://comic.naver.com/webtoon/list?titleId=840147&tab=thu
목,이게 웬 떡,박쓰담,9.90,,https://comic.naver.com/webtoon/list?titleId=804051&tab=thu
목,지는 쪽이 영부인,최유진 / 강지영,9.83,,https://comic.naver.com/webtoon/list?titleId=839343&tab=thu
목,검은 늑대가 나를 부르면,해민 / 낑깡 / 임혜,9.94,,https://comic.naver.com/webtoon/list?titleId=823439&tab=thu
목,마왕까지 한 걸음,윤홍,9.96,,https://comic.naver.com/webtoon/list?titleId=776668&tab=thu
목,규격 외 혈통 천재,초멍 / 피콕 / 소울풍,9.62,,https://comic.naver.com/webtoon/list?titleId=798331&tab=thu
목,용사 카리엘,김감준,9.94,,https://comic.naver.com/webtoon/list?titleId=841236&tab=thu
목,소심한 호랭이 코코,키몽,9.98,,https://comic.naver.com/webtoon/list?titleId=825415&tab=thu
목,보스였음,"럭스, 박만사 / 럭스",9.91,,https://comic.naver.com/webtoon/list?titleId=802833&tab=thu
목,김 대리는 아이돌이 싫어,드리미 / 플민 / 퇴사연습생,9.90,,https://comic.naver.com/webtoon/list?titleId=842974&tab=thu
목,고고밍밍고,밍밍고,9.91,,https://comic.naver.com/webtoon/list?titleId=841824&tab=thu
목,모두가 그녀를 사랑해,스리라챠 / 지민,9.91,,https://comic.naver.com/webtoon/list?titleId=837586&tab=thu
목,경계선,파트 / 꿀봉이 / 피숙혜,9.91,,https://comic.naver.com/webtoon/list?titleId=838217&tab=thu
목,복학생,각설이,8.41,,https://comic.naver.com/webtoon/list?titleId=839284&tab=thu
목,천재 회사원이 선넘으면 생기는일,오십이 / 도루묵 / 한룡,9.81,,https://comic.naver.com/webtoon/list?titleId=840902&tab=thu
목,공작가의 남장 하인이 되었다,HBR / 갸우 / 메이비Y,9.94,,https://comic.naver.com/webtoon/list?titleId=834512&tab=thu
목,살아야 죽는 남자,차세기,9.92,,https://comic.naver.com/webtoon/list?titleId=839582&tab=thu
목,소소한 기행,쑈랑,9.92,,https://comic.naver.com/webtoon/list?titleId=835194&tab=thu
목,신의 요리,차정평 / 레블스튜디오,9.69,,https://comic.naver.com/webtoon/list?titleId=838183&tab=thu
목,별의별 지X은,꿀타래 / 모눈,9.80,,https://comic.naver.com/webtoon/list?titleId=843918&tab=thu
목,정의구현,"이시현, MAJOR / 이시현",9.71,,https://comic.naver.com/webtoon/list?titleId=834178&tab=thu
목,특급 계약 결혼의 말로,구당 / 꾸왕 / 션킴,9.96,,https://comic.naver.com/webtoon/list?titleId=839392&tab=thu
목,24시간 미남,모미,9.88,,https://comic.naver.com/webtoon/list?titleId=829028&tab=thu
목,마리오네타,미리암 보나스트레,9.97,,https://comic.naver.com/webtoon/list?titleId=829142&tab=thu
목,천사개와 악마캣,잇선,9.91,,https://comic.naver.com/webtoon/list?titleId=839174&tab=thu
목,미모사,삼중,9.91,,https://comic.naver.com/webtoon/list?titleId=842646&tab=thu
목,사이코 프레너미,공우,9.11,,https://comic.naver.com/webtoon/list?titleId=843294&tab=thu
목,이세계 싱글대디,왓챠 / W,9.95,,https://comic.naver.com/webtoon/list?titleId=840880&tab=thu
목,봉구리 로큰롤,봉구,9.87,,https://comic.naver.com/webtoon/list?titleId=841274&tab=thu
목,문과X이과,다빈,9.92,,https://comic.naver.com/webtoon/list?titleId=839913&tab=thu
목,두 번째 딸로 태어났습니다,용원창 / 뉴궁딩팡팡,9.94,,https://comic.naver.com/webtoon/list?titleId=794651&tab=thu
목,하이클래스,"박만사, 르티 / 르티",7.40,,https://comic.naver.com/webtoon/list?titleId=833418&tab=thu
목,엄청 소환된 건에 대하여,사이토사 / 츠구토쿠,8.27,,https://comic.naver.com/webtoon/list?titleId=831606&tab=thu
목,전생혈마,장작가 / 산천,9.58,,https://comic.naver.com/webtoon/list?titleId=837022&tab=thu
목,이세계 탈출,김준형,9.61,,https://comic.naver.com/webtoon/list?titleId=822790&tab=thu
목,새까만 순정일지,용현 / 태양신,9.94,,https://comic.naver.com/webtoon/list?titleId=834506&tab=thu
목,내가 키운 미친개에게 감금당했다,한가가 / 최화인 / 은가빛,9.88,,https://comic.naver.com/webtoon/list?titleId=832320&tab=thu
목,아이캣치유,"코앳 / 우주돌, 코앳",9.87,,https://comic.naver.com/webtoon/list?titleId=843460&tab=thu
목,히든클래스 중력자로 최강을 노린다,네코코 / 스나타,8.84,,https://comic.naver.com/webtoon/list?titleId=817369&tab=thu
목,만물의 영장,보민,9.92,,https://comic.naver.com/webtoon/list?titleId=729964&tab=thu
목,염매,갯첨서,9.87,,https://comic.naver.com/webtoon/list?titleId=840593&tab=thu
목,흑역사가 역주행한다,이에프 / 쇼메,9.94,,https://comic.naver.com/webtoon/list?titleId=836568&tab=thu
목,수트빨,김꿀빨 / 이세형,9.31,,https://comic.naver.com/webtoon/list?titleId=837910&tab=thu
목,내 어디가 좋아?,아르몽,9.90,,https://comic.naver.com/webtoon/list?titleId=843042&tab=thu
목,노키즈존,멤메머신 / 오른손,9.93,,https://comic.naver.com/webtoon/list?titleId=835046&tab=thu
목,풀 보이,커북이,9.87,,https://comic.naver.com/webtoon/list?titleId=838513&tab=thu
목,짐승같은 것들,김태희,9.94,,https://comic.naver.com/webtoon/list?titleId=835925&tab=thu
목,어느 날 갑자기 최애가 생겼다,맛스타,9.82,,https://comic.naver.com/webtoon/list?titleId=837424&tab=thu
목,티라노 노경수,힙합신선,9.95,,https://comic.naver.com/webtoon/list?titleId=837631&tab=thu
목,학생만 하면 안 될까요?,글비 / 나우,9.94,,https://comic.naver.com/webtoon/list?titleId=817631&tab=thu
목,수사9단0,김선권,9.80,,https://comic.naver.com/webtoon/list?titleId=832244&tab=thu
목,추억이 찾아오는 가게,꼬모소이,9.97,,https://comic.naver.com/webtoon/list?titleId=827328&tab=thu
목,대단한 빈센트,필원 / 호우자,9.87,,https://comic.naver.com/webtoon/list?titleId=841916&tab=thu
목,괴물들의 장의사,타쿵이,9.91,,https://comic.naver.com/webtoon/list?titleId=838784&tab=thu
목,이상한 나라의 솔,루시드,9.97,,https://comic.naver.com/webtoon/list?titleId=841150&tab=thu
목,누가 어른 되면 다 된댔어?,정오,9.85,,https://comic.naver.com/webtoon/list?titleId=823779&tab=thu
목,책상 낙서 티티,한짜장,9.90,,https://comic.naver.com/webtoon/list?titleId=828911&tab=thu
목,운명해주세요,노뱀,9.91,,https://comic.naver.com/webtoon/list?titleId=835004&tab=thu
목,미로 인 메모리,유이수,9.94,,https://comic.naver.com/webtoon/list?titleId=833040&tab=thu
목,2차전직 스킵용사,김장훈 / 박수봉,9.54,,https://comic.naver.com/webtoon/list?titleId=820569&tab=thu
목,최강 매니저,현마담,9.55,,https://comic.naver.com/webtoon/list?titleId=840894&tab=thu
목,랭커랑 연애가능,CHYA,9.86,,https://comic.naver.com/webtoon/list?titleId=834555&tab=thu
목,유월의 소한,윤정민,9.21,,https://comic.naver.com/webtoon/list?titleId=796492&tab=thu
목,기프트,김에그 / 라군,9.53,,https://comic.naver.com/webtoon/list?titleId=840287&tab=thu
목,카루나,강호진,9.83,,https://comic.naver.com/webtoon/list?titleId=754876&tab=thu
목,내가 싫어하는 남자친구,하늘,9.84,,https://comic.naver.com/webtoon/list?titleId=833420&tab=thu
목,메리지 블루스,이순기 / 오정호,9.88,,https://comic.naver.com/webtoon/list?titleId=834255&tab=thu
목,어느날 교주가 된다면,아이아리,9.60,,https://comic.naver.com/webtoon/list?titleId=824929&tab=thu
목,지구대장님의 학교생활,기태온,9.64,,https://comic.naver.com/webtoon/list?titleId=835532&tab=thu
목,다음 생에도 어린왕자,이렐,9.74,,https://comic.naver.com/webtoon/list?titleId=833623&tab=thu
목,내 여자친구는 이세계 용사?!,사다함,9.50,,https://comic.naver.com/webtoon/list?titleId=827902&tab=thu
목,어째서 모두가 나를 사랑하는 거야?!,김서린,9.73,,https://comic.naver.com/webtoon/list?titleId=834536&tab=thu
목,본능적인 청혼,개굴 / 듀밤 / 김노라,9.20,,https://comic.naver.com/webtoon/list?titleId=843872&tab=thu
목,나노마신,현절무 / 금강불괴 / 한중월야,,,https://comic.naver.com/webtoon/list?titleId=747271
목,소꿉친구 컴플렉스,은하이,,,https://comic.naver.com/webtoon/list?titleId=822640
목,만남어플 중독,루즌아,,,https://comic.naver.com/webtoon/list?titleId=839004
목,전지적 독자 시점,UMI / 슬리피-C / 싱숑,,,https://comic.naver.com/webtoon/list?titleId=747269
목,외모지상주의,박태준,,,https://comic.naver.com/webtoon/list?titleId=641253
목,신체,엄세윤 / 정썸머,,,https://comic.naver.com/webtoon/list?titleId=844058
목,둥굴레차!,기라3,,,https://comic.naver.com/webtoon/list?titleId=626939
목,레드 레인(Red Rain),모서리 / 테랍 / 류향,,,https://comic.naver.com/webtoon/list?titleId=843948
목,1초에 100만원,"이지호, 도보리 / 웨이브",,,https://comic.naver.com/webtoon/list?titleId=842977
목,남자일짱 김지안,영준 / 강건,,,https://comic.naver.com/webtoon/list?titleId=843919
금,오! 나의 교주님,"김꿀빨, 김완두",8.85,https://image-comic.pstatic.net/webtoon/822557/thumbnail/titledescimage/objectImage_92a83c5d-9108-40e7-8432-7a0c34a0bc31.png,https://comic.naver.com/webtoon/list?titleId=841624&tab=fri
금,광마회귀,JP / 이히 / 유진성,9.97,https://image-comic.pstatic.net/webtoon/822557/thumbnail/titledescimage/frontImage_d43670e2-ac0a-4cbc-9c05-b2d3591bec26.png,https://comic.naver.com/webtoon/list?titleId=776601&tab=fri
금,역대급 영지 설계사,이현민 / 김현수 / 문백경,9.98,https://image-comic.pstatic.net/webtoon/758675/thumbnail/titledescimage/objectImage_a49ac1cf-0479-455e-ad89-ce3f1a5cfb25.png,https://comic.naver.com/webtoon/list?titleId=777767&tab=fri
금,나 혼자 만렙 뉴비,WAN.Z / 스윙뱃 / 메슬로우,9.94,https://image-comic.pstatic.net/webtoon/758675/thumbnail/titledescimage/backImage_db19e144-2d5c-4cd6-a183-5331b01c3936.png,https://comic.naver.com/webtoon/list?titleId=773797&tab=fri
금,외모지상주의,박태준,9.43,https://image-comic.pstatic.net/webtoon/758675/thumbnail/titledescimage/frontImage_bd670450-1bda-45e3-aadf-3c9a92bcac0c.png,https://comic.naver.com/webtoon/list?titleId=641253&tab=fri
금,마음의소리(였던 것),조석,9.95,https://image-comic.pstatic.net/webtoon/841624/thumbnail/thumbnail_IMAG21_154d7538-16dc-4aef-acb4-60d31e2834c8.jpg,https://comic.naver.com/webtoon/list?titleId=821793&tab=fri
금,재혼 황후,히어리 / 숨풀 / 알파타르트,9.96,https://image-comic.pstatic.net/webtoon/776601/thumbnail/thumbnail_IMAG21_7365135131254864183.jpg,https://comic.naver.com/webtoon/list?titleId=735661&tab=fri
금,상남자,하늘소 / 도가도 / 김태궁,9.97,https://image-comic.pstatic.net/webtoon/777767/thumbnail/thumbnail_IMAG21_cc85f891-272b-450a-b642-cffe1568ab71.jpg,https://comic.naver.com/webtoon/list?titleId=751168&tab=fri
금,네가 사는 그 집,석우 / 해바다,9.88,https://image-comic.pstatic.net/webtoon/773797/thumbnail/thumbnail_IMAG21_37c6a85a-d3a6-4afc-909a-420973f63019.jpg,https://comic.naver.com/webtoon/list?titleId=842465&tab=fri
금,천하제일 대사형,YooN / 북미혼,9.92,https://image-comic.pstatic.net/webtoon/641253/thumbnail/thumbnail_IMAG21_01672165-03c8-44b1-ba0e-ef82c9cfcd10.jpg,https://comic.naver.com/webtoon/list?titleId=802278&tab=fri
금,A.I. 닥터,ZAINO / 쿠큐 / 한산이가,9.98,https://image-comic.pstatic.net/webtoon/821793/thumbnail/thumbnail_IMAG21_c5c798a7-dadf-487b-9bea-485928755332.jpg,https://comic.naver.com/webtoon/list?titleId=765804&tab=fri
금,로맨스 저주,다원,9.81,https://image-comic.pstatic.net/webtoon/735661/thumbnail/thumbnail_IMAG21_2e35b4aa-4459-42fd-84a8-eae732910422.jpg,https://comic.naver.com/webtoon/list?titleId=834035&tab=fri
금,1초,시니 / 광운,9.98,https://image-comic.pstatic.net/webtoon/751168/thumbnail/thumbnail_IMAG21_db791b21-1a43-4a47-bfe4-09f504e0c246.jpg,https://comic.naver.com/webtoon/list?titleId=725586&tab=fri
금,유부 감자,감자,9.87,https://image-comic.pstatic.net/webtoon/842465/thumbnail/thumbnail_IMAG21_7a413cbe-e41a-426a-9f92-c57aed67aef7.jpg,https://comic.naver.com/webtoon/list?titleId=822556&tab=fri
금,어쩌다보니 천생연분,꿀타래 / 담초,9.96,https://image-comic.pstatic.net/webtoon/802278/thumbnail/thumbnail_IMAG21_1f75b2d4-e3cd-4a9f-917e-635557178b08.jpg,https://comic.naver.com/webtoon/list?titleId=790245&tab=fri
금,돈구멍,박성현,9.88,https://image-comic.pstatic.net/webtoon/765804/thumbnail/thumbnail_IMAG21_011afdde-cc86-418b-94ed-7baa9e11f094.jpg,https://comic.naver.com/webtoon/list?titleId=828950&tab=fri
금,재입대만 7번째,이진수,9.80,https://image-comic.pstatic.net/webtoon/834035/thumbnail/thumbnail_IMAG21_6a1b8b18-1759-457e-abb6-132878057f35.jpg,https://comic.naver.com/webtoon/list?titleId=837665&tab=fri
금,"언니, 이번 생엔 내가 왕비야",착견 / 트리플라인 / 레팔진프,9.96,https://image-comic.pstatic.net/webtoon/725586/thumbnail/thumbnail_IMAG21_aac005dc-11a7-41b6-a127-4ffa5b480698.jpg,https://comic.naver.com/webtoon/list?titleId=798917&tab=fri
금,열렙전사 3부,"김세훈, 스튜디오 호호이 / 김세훈",9.73,https://image-comic.pstatic.net/webtoon/822556/thumbnail/thumbnail_IMAG21_46b37b9f-0a73-43e0-982a-1cf5666397c7.jpg,https://comic.naver.com/webtoon/list?titleId=817032&tab=fri
금,신마 환생,더블디 / 동동이 / 요비,9.72,https://image-comic.pstatic.net/webtoon/790245/thumbnail/thumbnail_IMAG21_3545003845982959922.jpg,https://comic.naver.com/webtoon/list?titleId=843194&tab=fri
금,연애의 기록,베어리,8.52,https://image-comic.pstatic.net/webtoon/747271/thumbnail/thumbnail_IMAG21_d46b4a69-6de0-41be-b368-ce5e74ab8f76.jpg,https://comic.naver.com/webtoon/list?titleId=803792&tab=fri
금,천중용문,김언 / 묵지 / 군주,9.41,https://image-comic.pstatic.net/webtoon/822640/thumbnail/thumbnail_IMAG21_009dd859-91d1-4682-862b-bace6d93fc79.jpg,https://comic.naver.com/webtoon/list?titleId=835116&tab=fri
금,가장 썩은 것을 줄게,윤다,9.74,https://image-comic.pstatic.net/webtoon/839004/thumbnail/thumbnail_IMAG21_258e9101-6b52-49a2-bcaa-6f90f540624f.jpg,https://comic.naver.com/webtoon/list?titleId=821814&tab=fri
금,회귀수선전,김무현 / 엄청난,9.91,https://image-comic.pstatic.net/webtoon/747269/thumbnail/thumbnail_IMAG21_aabd9952-ff45-47a2-a543-33f19a5c6708.jpg,https://comic.naver.com/webtoon/list?titleId=839827&tab=fri
금,사신,임재원 / 설봉,9.96,https://image-comic.pstatic.net/webtoon/641253/thumbnail/thumbnail_IMAG21_01672165-03c8-44b1-ba0e-ef82c9cfcd10.jpg,https://comic.naver.com/webtoon/list?titleId=799837&tab=fri
금,죽지 않으려면,파래 / 임진국,9.89,https://image-comic.pstatic.net/webtoon/844058/thumbnail/thumbnail_IMAG21_18e663e7-b2bc-4c26-8163-ea7fb31b64a9.jpg,https://comic.naver.com/webtoon/list?titleId=772764&tab=fri
금,펜홀더,이은재,9.92,https://image-comic.pstatic.net/webtoon/626939/thumbnail/thumbnail_IMAG21_8065f68b-a5ab-4107-98a3-661e0dc3100c.jpg,https://comic.naver.com/webtoon/list?titleId=814587&tab=fri
금,용사파티만화,칰타 / 랴코,9.93,,https://comic.naver.com/webtoon/list?titleId=842647&tab=fri
금,말년용사,후딩 / 신마니,9.95,,https://comic.naver.com/webtoon/list?titleId=773916&tab=fri
금,히어로 킬러,꿀벌 / 벌꿀,9.96,,https://comic.naver.com/webtoon/list?titleId=766563&tab=fri
금,아르마딜로,허5파6,9.96,,https://comic.naver.com/webtoon/list?titleId=826422&tab=fri
금,그거 사랑 아니야,민원백,9.96,,https://comic.naver.com/webtoon/list?titleId=814289&tab=fri
금,구야는 신입,구야,9.93,,https://comic.naver.com/webtoon/list?titleId=828167&tab=fri
금,스틸링,정서,9.94,,https://comic.naver.com/webtoon/list?titleId=838507&tab=fri
금,개집사,고추참치,9.97,,https://comic.naver.com/webtoon/list?titleId=828292&tab=fri
금,죽여주는 캐스팅,영춘 / 하보,9.68,,https://comic.naver.com/webtoon/list?titleId=843866&tab=fri
금,데스포인트,송가 / 은소,9.87,,https://comic.naver.com/webtoon/list?titleId=843007&tab=fri
금,새동네,림스,9.95,,https://comic.naver.com/webtoon/list?titleId=817752&tab=fri
금,고결하고 천박한 그대에게,물만물 / 혜성 / 백묘,9.89,,https://comic.naver.com/webtoon/list?titleId=839386&tab=fri
금,도무지 그애는,게코,9.97,,https://comic.naver.com/webtoon/list?titleId=761496&tab=fri
금,시간제 부부,산차 / 최연,9.92,,https://comic.naver.com/webtoon/list?titleId=841499&tab=fri
금,시체들의 전쟁,마요너구리,9.94,,https://comic.naver.com/webtoon/list?titleId=836651&tab=fri
금,보이스피싱인데 인생역전,왓더헬 / 장탄,9.84,,https://comic.naver.com/webtoon/list?titleId=830144&tab=fri
금,앵클 브레이커,하하영 / 민영,9.86,,https://comic.naver.com/webtoon/list?titleId=842261&tab=fri
금,그 기사가 레이디로 사는 법,아인 / Ink. / 성혜림,9.96,,https://comic.naver.com/webtoon/list?titleId=758675&tab=fri
금,"바리, 별을 깨운 천둥",보또보 / 그로우,9.90,,https://comic.naver.com/webtoon/list?titleId=843430&tab=fri
금,퇴마록 : 세계편,빅버드 / 나연경 / 이우혁,9.90,,https://comic.naver.com/webtoon/list?titleId=840485&tab=fri
금,여동생은 오늘 밤 나를 간택한다,네온비 / 도달,9.96,,https://comic.naver.com/webtoon/list?titleId=822557&tab=fri
금,도깨비의 밤,문식 / 도올,9.88,,https://comic.naver.com/webtoon/list?titleId=813641&tab=fri
금,악당들의 후원자가 되었다,LICO / 조겐 / 봄한방울,9.92,,https://comic.naver.com/webtoon/list?titleId=844063&tab=fri
금,킬 더 드래곤,현가 / 미스 지수 / 백수귀족,9.94,,https://comic.naver.com/webtoon/list?titleId=794102&tab=fri
금,초등생활 그림일기,은꼼지,9.96,,https://comic.naver.com/webtoon/list?titleId=827863&tab=fri
금,첫정,혜윤 / 멍지 / 애디스,9.61,,https://comic.naver.com/webtoon/list?titleId=844061&tab=fri
금,악신소년,김산,9.81,,https://comic.naver.com/webtoon/list?titleId=840347&tab=fri
금,고구려 태왕미천,이동욱 / 김진명,9.88,,https://comic.naver.com/webtoon/list?titleId=838875&tab=fri
금,온리호프,초승,9.97,,https://comic.naver.com/webtoon/list?titleId=800796&tab=fri
금,블랙 프라이데이,흑곰,9.28,,https://comic.naver.com/webtoon/list?titleId=842159&tab=fri
금,감히 바라옵건대,LICO / 백묘,9.88,,https://comic.naver.com/webtoon/list?titleId=842215&tab=fri
금,브레이커즈,JDL / 뚱또 / 취룡,9.84,,https://comic.naver.com/webtoon/list?titleId=841810&tab=fri
금,나의 모르는 여자친구,이정빈,9.84,,https://comic.naver.com/webtoon/list?titleId=841923&tab=fri
금,당신이 움켜쥔 밤,캐시 / 시유애린,9.82,,https://comic.naver.com/webtoon/list?titleId=837908&tab=fri
금,사냥개의 회귀본능,아크로 / 스튜디오 W,9.63,,https://comic.naver.com/webtoon/list?titleId=818850&tab=fri
금,아티팩트 먹는 플레이어,벤티 / 기인,9.76,,https://comic.naver.com/webtoon/list?titleId=836683&tab=fri
금,범상한 변호사의 아공간,혜낙 / 김리아 / 서칸더브이,9.47,,https://comic.naver.com/webtoon/list?titleId=839007&tab=fri
금,그냥 선생님,연일,9.97,,https://comic.naver.com/webtoon/list?titleId=804333&tab=fri
금,인간천적,도국,9.92,,https://comic.naver.com/webtoon/list?titleId=840508&tab=fri
금,청소요원,조롱이,9.17,,https://comic.naver.com/webtoon/list?titleId=841792&tab=fri
금,당신의 외도,나나은,9.14,,https://comic.naver.com/webtoon/list?titleId=837140&tab=fri
금,성북구 비둘기 이헌서,허새보,9.97,,https://comic.naver.com/webtoon/list?titleId=826580&tab=fri
금,조선왕비 간택사건,강다혜 / 월우,9.89,,https://comic.naver.com/webtoon/list?titleId=833841&tab=fri
금,만두 생활기록부,킹만두,9.91,,https://comic.naver.com/webtoon/list?titleId=835089&tab=fri
금,미운오리새끼,펀지르르,9.81,,https://comic.naver.com/webtoon/list?titleId=839542&tab=fri
금,그렇게 물거품이 되어도,다홍,9.98,,https://comic.naver.com/webtoon/list?titleId=822239&tab=fri
금,"꿇어보세요, 대공님!",가천가 / 콩삼 / 재겸,9.92,,https://comic.naver.com/webtoon/list?titleId=836707&tab=fri
금,못난이 콤플렉스,장채산 / 사요새 / 은WOO,9.69,,https://comic.naver.com/webtoon/list?titleId=834714&tab=fri
금,저승파견고용직,호리,9.91,,https://comic.naver.com/webtoon/list?titleId=838212&tab=fri
금,세자와 세자빈의 계약혼인전,산삼,9.96,,https://comic.naver.com/webtoon/list?titleId=819459&tab=fri
금,다이어트 워리어,이선,9.87,,https://comic.naver.com/webtoon/list?titleId=840706&tab=fri
금,지옥철,yamka / 김선희,8.10,,https://comic.naver.com/webtoon/list?titleId=837609&tab=fri
금,몽홀,장태산,9.90,,https://comic.naver.com/webtoon/list?titleId=644112&tab=fri
금,악당을 업어 키웠더니,혹등고래 / 리치 / 지미신,9.96,,https://comic.naver.com/webtoon/list?titleId=832126&tab=fri
금,뼈왕,유성연,9.96,,https://comic.naver.com/webtoon/list?titleId=816913&tab=fri
금,북설애담,휘요,9.95,,https://comic.naver.com/webtoon/list?titleId=827578&tab=fri
금,피도 눈물도 없는 용사,진 / 제리 / 박제후,9.76,,https://comic.naver.com/webtoon/list?titleId=839715&tab=fri
금,우리집 로미오,뉸달,9.29,,https://comic.naver.com/webtoon/list?titleId=842321&tab=fri
금,달이 없는 나라,엥비,9.97,,https://comic.naver.com/webtoon/list?titleId=780063&tab=fri
금,그 헌터는 임대 아파트에 산다,김형사 / 진보람,9.76,,https://comic.naver.com/webtoon/list?titleId=837903&tab=fri
금,비터 스윗 홈,겨울,9.91,,https://comic.naver.com/webtoon/list?titleId=843314&tab=fri
금,완벽한 게 다인,은솔 / 재림,9.01,,https://comic.naver.com/webtoon/list?titleId=841767&tab=fri
금,타임머신 만들기,자드나인,9.80,,https://comic.naver.com/webtoon/list?titleId=842903&tab=fri
금,예쁘세요,묘이 / 초하루,9.76,,https://comic.naver.com/webtoon/list?titleId=835752&tab=fri
금,"구원, 그 잔혹함에 대하여",이사라 / 가녘 / 한보연,9.91,,https://comic.naver.com/webtoon/list?titleId=841153&tab=fri
금,아라드의 빛: 먼저 걷는 자,제갈복자 / 펑키크리처 / 이수백,9.85,,https://comic.naver.com/webtoon/list?titleId=827759&tab=fri
금,단둘이는 안 돼!,멜로로,9.89,,https://comic.naver.com/webtoon/list?titleId=838944&tab=fri
금,절세미남 망나니 해골 되다,이루다 / 김선용,9.91,,https://comic.naver.com/webtoon/list?titleId=828337&tab=fri
금,미드우트,원김,9.96,,https://comic.naver.com/webtoon/list?titleId=800006&tab=fri
금,3분의 1이 없어도,당과,9.86,,https://comic.naver.com/webtoon/list?titleId=821043&tab=fri
금,아이돌리,로로,9.80,,https://comic.naver.com/webtoon/list?titleId=840875&tab=fri
금,콜미로맨틱,최용성,9.93,,https://comic.naver.com/webtoon/list?titleId=820171&tab=fri
금,염마라사,정국선,9.74,,https://comic.naver.com/webtoon/list?titleId=837468&tab=fri
금,암살청과,나락 / 군다,9.77,,https://comic.naver.com/webtoon/list?titleId=823070&tab=fri
금,퇴출행성 세레나데,명명이,9.93,,https://comic.naver.com/webtoon/list?titleId=836352&tab=fri
금,옹달샘 프로젝트,요다,9.93,,https://comic.naver.com/webtoon/list?titleId=837816&tab=fri
금,인서울카르텔,서종,5.62,,https://comic.naver.com/webtoon/list?titleId=837687&tab=fri
금,소곤소곤2,옛사람,9.96,,https://comic.naver.com/webtoon/list?titleId=818401&tab=fri
금,훈녀생정,이체리,9.81,,https://comic.naver.com/webtoon/list?titleId=837799&tab=fri
금,백년게임,하람 / 지야,9.82,,https://comic.naver.com/webtoon/list?titleId=751999&tab=fri
금,회귀자는 나만 지킨다,최원준 / 주진홍 / 미도,9.61,,https://comic.naver.com/webtoon/list?titleId=833906&tab=fri
금,둘뿐인 교실,종달 / 도요,9.80,,https://comic.naver.com/webtoon/list?titleId=840278&tab=fri
금,별의 눈동자,백원달,9.82,,https://comic.naver.com/webtoon/list?titleId=836042&tab=fri
금,소년경찰,삼갱 / 지앤,9.68,,https://comic.naver.com/webtoon/list?titleId=834417&tab=fri
금,당신의 사랑,오아,9.93,,https://comic.naver.com/webtoon/list?titleId=819647&tab=fri
금,나노마신,현절무 / 금강불괴 / 한중월야,,,https://comic.naver.com/webtoon/list?titleId=747271
금,소꿉친구 컴플렉스,은하이,,,https://comic.naver.com/webtoon/list?titleId=822640
금,만남어플 중독,루즌아,,,https://comic.naver.com/webtoon/list?titleId=839004
금,전지적 독자 시점,UMI / 슬리피-C / 싱숑,,,https://comic.naver.com/webtoon/list?titleId=747269
금,외모지상주의,박태준,,,https://comic.naver.com/webtoon/list?titleId=641253
금,신체,엄세윤 / 정썸머,,,https://comic.naver.com/webtoon/list?titleId=844058
금,둥굴레차!,기라3,,,https://comic.naver.com/webtoon/list?titleId=626939
금,레드 레인(Red Rain),모서리 / 테랍 / 류향,,,https://comic.naver.com/webtoon/list?titleId=843948
금,1초에 100만원,"이지호, 도보리 / 웨이브",,,https://comic.naver.com/webtoon/list?titleId=842977
금,남자일짱 김지안,영준 / 강건,,,https://comic.naver.com/webtoon/list?titleId=843919
토,개꿈,신송림,9.76,https://image-comic.pstatic.net/webtoon/746833/thumbnail/titledescimage/objectImage_241a9c36-57df-4c52-b595-d5ade907d1e3.png,https://comic.naver.com/webtoon/list?titleId=818791&tab=sat
토,호랑이형님,이상규,9.88,https://image-comic.pstatic.net/webtoon/746833/thumbnail/titledescimage/frontImage_4c37a1e4-cfbc-40f1-8f79-cbfb5fa9f1d1.png,https://comic.naver.com/webtoon/list?titleId=650305&tab=sat
토,시든 꽃에 눈물을,개,9.96,https://image-comic.pstatic.net/webtoon/832562/thumbnail/titledescimage/objectImage_b0380c10-be3f-4dca-8720-c8042e76f575.png,https://comic.naver.com/webtoon/list?titleId=827190&tab=sat
토,마도전생기,포스스튜디오 / codezero,9.92,https://image-comic.pstatic.net/webtoon/832562/thumbnail/titledescimage/backImage_5aecc70a-c8d4-4661-86be-d210ddd3d6c3.png,https://comic.naver.com/webtoon/list?titleId=807777&tab=sat
토,절대군림,박시대 / 장영훈,9.95,https://image-comic.pstatic.net/webtoon/832562/thumbnail/titledescimage/frontImage_83471979-98c9-4a99-94fe-e9649c72d0df.png,https://comic.naver.com/webtoon/list?titleId=832677&tab=sat
토,초인의 시대,섭이,9.90,https://image-comic.pstatic.net/webtoon/818791/thumbnail/thumbnail_IMAG21_a613db8b-8319-4bfe-8971-1df89f4df979.jpg,https://comic.naver.com/webtoon/list?titleId=730694&tab=sat
토,쌉초의 난,쌉초,9.98,https://image-comic.pstatic.net/webtoon/650305/thumbnail/thumbnail_IMAG21_9e070729-5990-4653-90dd-1158847c1c68.jpg,https://comic.naver.com/webtoon/list?titleId=823195&tab=sat
토,중대장은 실망했다,이량,9.91,https://image-comic.pstatic.net/webtoon/827190/thumbnail/thumbnail_IMAG21_ce05e060-9420-4494-a004-278f90e8dde9.jpg,https://comic.naver.com/webtoon/list?titleId=841639&tab=sat
토,오늘만 사는 기사,"이현민, 가나라 / 이안 / 소울풍",9.98,https://image-comic.pstatic.net/webtoon/807777/thumbnail/thumbnail_IMAG21_e47489ea-bf97-4726-a8e7-6403092a303a.jpg,https://comic.naver.com/webtoon/list?titleId=824543&tab=sat
토,작전명 순정,꼬까리 / 들덤,9.90,https://image-comic.pstatic.net/webtoon/832677/thumbnail/thumbnail_IMAG21_9d858839-175e-45bb-bfc3-d9ed208c2f7d.jpg,https://comic.naver.com/webtoon/list?titleId=793275&tab=sat
토,99강화나무몽둥이,홍실 / 지페리,9.70,https://image-comic.pstatic.net/webtoon/730694/thumbnail/thumbnail_IMAG21_29c75eb5-39f4-4608-8c79-737bc8330bb0.jpg,https://comic.naver.com/webtoon/list?titleId=792651&tab=sat
토,아홉수 우리들,수박양,9.97,https://image-comic.pstatic.net/webtoon/823195/thumbnail/thumbnail_IMAG21_5a92d1bb-bfc1-4f46-aff6-9131d1b20b07.jpg,https://comic.naver.com/webtoon/list?titleId=724815&tab=sat
토,디펜스 게임의 폭군이 되었다,하정 / 굥 / 류은가람,9.96,https://image-comic.pstatic.net/webtoon/841639/thumbnail/thumbnail_IMAG21_523d5bed-e0b6-4e46-a31c-ba5c7294d7dc.jpg,https://comic.naver.com/webtoon/list?titleId=798182&tab=sat
토,반에 꼭 있는 애,영원,9.61,https://image-comic.pstatic.net/webtoon/824543/thumbnail/thumbnail_IMAG21_7b913673-101c-4472-8889-1918ed4e87a4.jpg,https://comic.naver.com/webtoon/list?titleId=841501&tab=sat
토,세레나,정이나,9.96,https://image-comic.pstatic.net/webtoon/793275/thumbnail/thumbnail_IMAG21_30c77a8d-ada1-40f8-b87a-d02bb05e7e13.jpg,https://comic.naver.com/webtoon/list?titleId=801475&tab=sat
토,멸망한 가문의 회귀자,양평 / 성구 / Painkiller,9.87,https://image-comic.pstatic.net/webtoon/792651/thumbnail/thumbnail_IMAG21_218f18ef-7f68-4d6a-972c-686a3e9f6138.jpg,https://comic.naver.com/webtoon/list?titleId=819946&tab=sat
토,망나니 소교주로 환생했다,재무 / 전마두 / 대은호,9.87,https://image-comic.pstatic.net/webtoon/724815/thumbnail/thumbnail_IMAG21_08aa1511-f7aa-412a-bbcd-8f6504f0da76.jpg,https://comic.naver.com/webtoon/list?titleId=773796&tab=sat
토,킬러경찰,이제환 / 이윤균,9.75,https://image-comic.pstatic.net/webtoon/798182/thumbnail/thumbnail_IMAG21_50b7ae40-ed4a-451b-9790-854a1b02d445.jpg,https://comic.naver.com/webtoon/list?titleId=808439&tab=sat
토,귀환했는데 입대 전날이다,해일 / 오코믹 / 황금비둘기,9.78,https://image-comic.pstatic.net/webtoon/841501/thumbnail/thumbnail_IMAG21_2c891c4b-3d01-4e41-b849-0d4a2493ec74.jpg,https://comic.naver.com/webtoon/list?titleId=807393&tab=sat
토,나를 바꿔줘,이지호 / 호띠,9.90,https://image-comic.pstatic.net/webtoon/801475/thumbnail/thumbnail_IMAG21_f0661563-49b3-4872-bd64-d16cf4958f24.jpg,https://comic.naver.com/webtoon/list?titleId=733280&tab=sat
토,비질란테 2부,CRG / 김규삼,9.94,https://image-comic.pstatic.net/webtoon/747271/thumbnail/thumbnail_IMAG21_d46b4a69-6de0-41be-b368-ce5e74ab8f76.jpg,https://comic.naver.com/webtoon/list?titleId=820371&tab=sat
토,나이트런,김성민,9.91,https://image-comic.pstatic.net/webtoon/822640/thumbnail/thumbnail_IMAG21_009dd859-91d1-4682-862b-bace6d93fc79.jpg,https://comic.naver.com/webtoon/list?titleId=64997&tab=sat
토,모발 구독 서비스,배사과,9.70,https://image-comic.pstatic.net/webtoon/839004/thumbnail/thumbnail_IMAG21_258e9101-6b52-49a2-bcaa-6f90f540624f.jpg,https://comic.naver.com/webtoon/list?titleId=841249&tab=sat
토,스터디그룹,신형욱 / 유승연,9.96,https://image-comic.pstatic.net/webtoon/747269/thumbnail/thumbnail_IMAG21_aabd9952-ff45-47a2-a543-33f19a5c6708.jpg,https://comic.naver.com/webtoon/list?titleId=721948&tab=sat
토,황제의 검,레드훅 / 요그소 / 임무성,9.76,https://image-comic.pstatic.net/webtoon/641253/thumbnail/thumbnail_IMAG21_01672165-03c8-44b1-ba0e-ef82c9cfcd10.jpg,https://comic.naver.com/webtoon/list?titleId=813443&tab=sat
토,용사파티만화,칰타 / 랴코,9.93,https://image-comic.pstatic.net/webtoon/844058/thumbnail/thumbnail_IMAG21_18e663e7-b2bc-4c26-8163-ea7fb31b64a9.jpg,https://comic.naver.com/webtoon/list?titleId=842647&tab=sat
토,플레이어가 과거를 숨김,콘차 / 비누끼 / 베데스,9.96,https://image-comic.pstatic.net/webtoon/626939/thumbnail/thumbnail_IMAG21_8065f68b-a5ab-4107-98a3-661e0dc3100c.jpg,https://comic.naver.com/webtoon/list?titleId=811707&tab=sat
토,미스 펜들턴,꼬막 / 유혜민,9.98,,https://comic.naver.com/webtoon/list?titleId=835526&tab=sat
토,야매 힐러로 사는 법,14획 / 나옌 / 새송이덮밥,9.95,,https://comic.naver.com/webtoon/list?titleId=808757&tab=sat
토,왕의 힘으로 회귀한다,재키레이 / KIM / 안소설,9.66,,https://comic.naver.com/webtoon/list?titleId=817958&tab=sat
토,시한복권,세모 / 네모,9.28,,https://comic.naver.com/webtoon/list?titleId=839588&tab=sat
토,2025 루키 단편선,네이버웹툰 작가,9.80,,https://comic.naver.com/webtoon/list?titleId=842453&tab=sat
토,우리 길드 아이돌,꼬보,9.97,,https://comic.naver.com/webtoon/list?titleId=835557&tab=sat
토,윌유메리미,마인드C,9.91,,https://comic.naver.com/webtoon/list?titleId=616239&tab=sat
토,과학고 생존일지,윤찐빵,9.74,,https://comic.naver.com/webtoon/list?titleId=841608&tab=sat
토,장기연애,여은 / 꾼,8.41,,https://comic.naver.com/webtoon/list?titleId=838202&tab=sat
토,집구석 절대자,"리원, 판테라 / 탄토 / 아라만",9.89,,https://comic.naver.com/webtoon/list?titleId=834351&tab=sat
토,마왕,박주연 / 손영식 / 요도 김남재,9.81,,https://comic.naver.com/webtoon/list?titleId=827164&tab=sat
토,마님이네 미국 시골집 이야기,마님,9.08,,https://comic.naver.com/webtoon/list?titleId=814048&tab=sat
토,위탁가족!,조똘복,9.97,,https://comic.naver.com/webtoon/list?titleId=840736&tab=sat
토,호붕빵 아저씨,정다운,9.97,,https://comic.naver.com/webtoon/list?titleId=833361&tab=sat
토,특성 쌓는 김전사,LICO / 스튜디오 이너스 / 산호초,9.86,,https://comic.naver.com/webtoon/list?titleId=832562&tab=sat
토,탑아이돌의 막내 멤버가 되었다,맛곰 / 강서울,9.98,,https://comic.naver.com/webtoon/list?titleId=819748&tab=sat
토,멸망한 세계의 취사병,웨스트 / 조돌 / 마일드커피,9.86,,https://comic.naver.com/webtoon/list?titleId=818409&tab=sat
토,홍시는 날 좋아해!,강하다 / 웃는해,9.96,,https://comic.naver.com/webtoon/list?titleId=703839&tab=sat
토,나를 미워하던 남편이 기억을 잃었다,카레만두 / 액고 / 시세Sisse,9.97,,https://comic.naver.com/webtoon/list?titleId=816614&tab=sat
토,펫로스클럽,올드독,9.98,,https://comic.naver.com/webtoon/list?titleId=842838&tab=sat
토,K학원 생존기,양아최,9.94,,https://comic.naver.com/webtoon/list?titleId=823190&tab=sat
토,어글리후드,미애,9.97,,https://comic.naver.com/webtoon/list?titleId=703630&tab=sat
토,회귀자의 은퇴 라이프,서희 / IN사 / 간짜장,9.92,,https://comic.naver.com/webtoon/list?titleId=814509&tab=sat
토,"저무는 해, 시린 눈",MURO,9.97,,https://comic.naver.com/webtoon/list?titleId=746833&tab=sat
토,"다비, 아찔하게 흐르는",소프트콘 / 이은비,9.98,,https://comic.naver.com/webtoon/list?titleId=796252&tab=sat
토,나의 구원이,이수이,9.90,,https://comic.naver.com/webtoon/list?titleId=833415&tab=sat
토,공유몽,주신 / 유령선,9.93,,https://comic.naver.com/webtoon/list?titleId=729047&tab=sat
토,지옥도시,기호,9.65,,https://comic.naver.com/webtoon/list?titleId=842093&tab=sat
토,데이워커,MUTE,9.88,,https://comic.naver.com/webtoon/list?titleId=828880&tab=sat
토,세상에 나쁜 용사는 없다,유령두부 / 한소,9.90,,https://comic.naver.com/webtoon/list?titleId=833358&tab=sat
토,저궤도인간,조은영,9.93,,https://comic.naver.com/webtoon/list?titleId=840510&tab=sat
토,완벽한 계약,뚜솔 / 태자 / 김소희,9.90,,https://comic.naver.com/webtoon/list?titleId=826400&tab=sat
토,그 냉장고 안에서는,냉친,9.79,,https://comic.naver.com/webtoon/list?titleId=843427&tab=sat
토,모두가 날 싫어한다,산하 / 김세인,9.90,,https://comic.naver.com/webtoon/list?titleId=843426&tab=sat
토,신이 되겠다,정연호 / 강구,9.89,,https://comic.naver.com/webtoon/list?titleId=826667&tab=sat
토,천 살 연하 황제가 집착한다,이윤희 / 카라,9.96,,https://comic.naver.com/webtoon/list?titleId=821378&tab=sat
토,동경,코이,8.82,,https://comic.naver.com/webtoon/list?titleId=842624&tab=sat
토,이계진입 리로디드,차우민 / 쵸쵸 / 임경배,9.90,,https://comic.naver.com/webtoon/list?titleId=793553&tab=sat
토,꿈의 엔트리,울리,9.74,,https://comic.naver.com/webtoon/list?titleId=843001&tab=sat
토,문양전,강한,9.80,,https://comic.naver.com/webtoon/list?titleId=841762&tab=sat
토,조은학생,이한솔,9.75,,https://comic.naver.com/webtoon/list?titleId=835189&tab=sat
토,차라리 빌런으로 살겠다,덤보 / 다다 / 서인하,9.77,,https://comic.naver.com/webtoon/list?titleId=842601&tab=sat
토,마왕 마석호,유비,9.47,,https://comic.naver.com/webtoon/list?titleId=842699&tab=sat
토,토끼 여주의 새엄마가 되었다,박카린 / 시세Sisse,9.97,,https://comic.naver.com/webtoon/list?titleId=823776&tab=sat
토,설탕에 곁들인 로맨스,을승,9.93,,https://comic.naver.com/webtoon/list?titleId=840179&tab=sat
토,오사카 환상선,혀나현,9.95,,https://comic.naver.com/webtoon/list?titleId=838885&tab=sat
토,용사참수인,김세래,9.86,,https://comic.naver.com/webtoon/list?titleId=783590&tab=sat
토,나만 최강 초월자,에토 슌지 / 츠지다 켄타,9.58,,https://comic.naver.com/webtoon/list?titleId=827423&tab=sat
토,우리집에 온 여우들,김현,9.91,,https://comic.naver.com/webtoon/list?titleId=837101&tab=sat
토,사서고생!,몽실,9.94,,https://comic.naver.com/webtoon/list?titleId=780845&tab=sat
토,전세계 랭킹 1위 초보자,신코 쇼토 / roko.,8.29,,https://comic.naver.com/webtoon/list?titleId=835805&tab=sat
토,썩어도 혈육,bunny,9.28,,https://comic.naver.com/webtoon/list?titleId=842395&tab=sat
토,말없는 전학생,이유정,8.78,,https://comic.naver.com/webtoon/list?titleId=839102&tab=sat
토,살아생전,지도,9.97,,https://comic.naver.com/webtoon/list?titleId=832575&tab=sat
토,육각,권라드,9.87,,https://comic.naver.com/webtoon/list?titleId=826660&tab=sat
토,또다시 열일곱,한다,9.91,,https://comic.naver.com/webtoon/list?titleId=811634&tab=sat
토,괴물의 순결한 심장,융융멜 / 임혜,9.90,,https://comic.naver.com/webtoon/list?titleId=818443&tab=sat
토,청춘 관찰기,한민기,9.85,,https://comic.naver.com/webtoon/list?titleId=844048&tab=sat
토,짝사랑을 망치고 싶어,신여름,9.88,,https://comic.naver.com/webtoon/list?titleId=841562&tab=sat
토,눈먼 짐승의 목줄을 쥐었다,위궤양게츠비 / PPANG / 카예,9.93,,https://comic.naver.com/webtoon/list?titleId=826588&tab=sat
토,이매망량,관절,8.03,,https://comic.naver.com/webtoon/list?titleId=819506&tab=sat
토,그냥 고양이,주홍,9.95,,https://comic.naver.com/webtoon/list?titleId=833622&tab=sat
토,명왕,"MAJOR, 금기혁 / 금기혁",9.53,,https://comic.naver.com/webtoon/list?titleId=835022&tab=sat
토,동그란 그녀와 소심한 그 남자,하야마 이즈미 / 오카무라 야치요,9.80,,https://comic.naver.com/webtoon/list?titleId=812156&tab=sat
토,요괴괴괴,필원 / 스튜디오 호호이,9.91,,https://comic.naver.com/webtoon/list?titleId=837689&tab=sat
토,비밀복식클럽,소영,9.96,,https://comic.naver.com/webtoon/list?titleId=837336&tab=sat
토,너의 달콤한 숨을,NOVA / 플라비,9.88,,https://comic.naver.com/webtoon/list?titleId=835176&tab=sat
토,남장판 오디션,고하다 / 윤숲,9.91,,https://comic.naver.com/webtoon/list?titleId=830047&tab=sat
토,한판,백시우,9.79,,https://comic.naver.com/webtoon/list?titleId=828310&tab=sat
토,너랑 걷는 개 좋아,누리아 산귀노,9.92,,https://comic.naver.com/webtoon/list?titleId=836908&tab=sat
토,세이브 디 어스!,맴,9.84,,https://comic.naver.com/webtoon/list?titleId=840092&tab=sat
토,위험한 거짓말,도파라 / 카르마 / 아라휘,9.71,,https://comic.naver.com/webtoon/list?titleId=822201&tab=sat
토,클리셰클럽,하이볼,9.93,,https://comic.naver.com/webtoon/list?titleId=838958&tab=sat
토,"킬러와 여고생, 그리고 개",릴리리하,9.88,,https://comic.naver.com/webtoon/list?titleId=839282&tab=sat
토,데이팅 캣,모하,9.48,,https://comic.naver.com/webtoon/list?titleId=814039&tab=sat
토,렉카 드라이버,TangoW / 오도독,8.93,,https://comic.naver.com/webtoon/list?titleId=838786&tab=sat
토,나노마신,현절무 / 금강불괴 / 한중월야,,,https://comic.naver.com/webtoon/list?titleId=747271
토,소꿉친구 컴플렉스,은하이,,,https://comic.naver.com/webtoon/list?titleId=822640
토,만남어플 중독,루즌아,,,https://comic.naver.com/webtoon/list?titleId=839004
토,전지적 독자 시점,UMI / 슬리피-C / 싱숑,,,https://comic.naver.com/webtoon/list?titleId=747269
토,외모지상주의,박태준,,,https://comic.naver.com/webtoon/list?titleId=641253
토,신체,엄세윤 / 정썸머,,,https://comic.naver.com/webtoon/list?titleId=844058
토,둥굴레차!,기라3,,,https://comic.naver.com/webtoon/list?titleId=626939
토,레드 레인(Red Rain),모서리 / 테랍 / 류향,,,https://comic.naver.com/webtoon/list?titleId=843948
토,1초에 100만원,"이지호, 도보리 / 웨이브",,,https://comic.naver.com/webtoon/list?titleId=842977
토,남자일짱 김지안,영준 / 강건,,,https://comic.naver.com/webtoon/list?titleId=843919
일,육아일기,자까,9.96,https://image-comic.pstatic.net/webtoon/797155/thumbnail/titledescimage/objectImage_c788dda5-b0ab-4eae-b601-7b4e2c9a28db.png,https://comic.naver.com/webtoon/list?titleId=812354&tab=sun
일,입학용병,YC / 락현,9.90,https://image-comic.pstatic.net/webtoon/797155/thumbnail/titledescimage/backImage_da794b0f-efff-4d47-b930-442d4e83c69a.png,https://comic.naver.com/webtoon/list?titleId=758150&tab=sun
일,무직백수 계백순,지발,9.86,https://image-comic.pstatic.net/webtoon/797155/thumbnail/titledescimage/frontImage_05a914b0-5715-4728-a336-ee558cf15e41.png,https://comic.naver.com/webtoon/list?titleId=811721&tab=sun
일,2회차 환관이 남성을 되찾음,LICO / 포스스튜디오 / 노빠꾸맨,9.87,https://image-comic.pstatic.net/webtoon/836948/thumbnail/titledescimage/objectImage_1db028ef-3eab-4374-b267-5817a4b442c1.png,https://comic.naver.com/webtoon/list?titleId=832566&tab=sun
일,기기괴괴2,오성대,9.85,https://image-comic.pstatic.net/webtoon/836948/thumbnail/titledescimage/frontImage_c4edb741-a481-4e59-9a3b-971855a02aeb.png,https://comic.naver.com/webtoon/list?titleId=821851&tab=sun
일,무조건 이혼한다,모닥불,9.61,https://image-comic.pstatic.net/webtoon/812354/thumbnail/thumbnail_IMAG21_c20b50b3-8cbd-4f14-a8f8-5a67e5cacea0.jpg,https://comic.naver.com/webtoon/list?titleId=842623&tab=sun
일,천화서고 대공자,128 / MIDNIGHT STUDIO / 김현영,9.95,https://image-comic.pstatic.net/webtoon/758150/thumbnail/thumbnail_IMAG21_4135492154714961716.jpg,https://comic.naver.com/webtoon/list?titleId=805193&tab=sun
일,권왕환생,승투 / 도나스 / 유진성,9.94,https://image-comic.pstatic.net/webtoon/811721/thumbnail/thumbnail_IMAG21_5e1f571d-1c76-4b2a-b8b1-742865ab82f9.jpg,https://comic.naver.com/webtoon/list?titleId=839568&tab=sun
일,개짓,"불사 / MUTE, 서인화 / 김영한",9.89,https://image-comic.pstatic.net/webtoon/832566/thumbnail/thumbnail_IMAG21_dc3db5f7-a4ab-45fe-b261-92f16d3478bc.jpg,https://comic.naver.com/webtoon/list?titleId=833620&tab=sun
일,일타강사 백사부,리메 / 드로우웨이즈 / 간짜장,9.91,https://image-comic.pstatic.net/webtoon/821851/thumbnail/thumbnail_IMAG21_d67261bc-0aea-495c-b92e-07dc2c1785cd.jpg,https://comic.naver.com/webtoon/list?titleId=779632&tab=sun
일,소녀바둑,큐띠뿅,9.83,https://image-comic.pstatic.net/webtoon/842623/thumbnail/thumbnail_IMAG21_e0a0d9e9-c3da-4c41-9110-1661749966cb.jpg,https://comic.naver.com/webtoon/list?titleId=842839&tab=sun
일,문스트럭,젤리피쉬 / 영모,9.92,https://image-comic.pstatic.net/webtoon/805193/thumbnail/thumbnail_IMAG21_72d0c645-de0a-43f2-9674-73909671fa5e.jpg,https://comic.naver.com/webtoon/list?titleId=833052&tab=sun
일,태존비록,김꿀빨 / 레드훅 / 비가,9.28,https://image-comic.pstatic.net/webtoon/839568/thumbnail/thumbnail_IMAG21_ff56d3d1-6831-4376-90a4-1b8ec5d05006.jpg,https://comic.naver.com/webtoon/list?titleId=840687&tab=sun
일,러브 미 모어,김인정,9.93,https://image-comic.pstatic.net/webtoon/833620/thumbnail/thumbnail_IMAG21_a284c7d3-6238-4c34-b4a5-7ee95395e480.jpg,https://comic.naver.com/webtoon/list?titleId=842079&tab=sun
일,여자사람친구,이상돌,9.88,https://image-comic.pstatic.net/webtoon/779632/thumbnail/thumbnail_IMAG21_d131ea75-e4e9-4c95-8f7c-00bb8cc2c68e.jpg,https://comic.naver.com/webtoon/list?titleId=835693&tab=sun
일,연산군의 셰프로 살아남기,대한 / 정오 / 박국재,9.84,https://image-comic.pstatic.net/webtoon/842839/thumbnail/thumbnail_IMAG21_daabbb87-ca1d-48fd-bb59-da32f0fea21b.jpg,https://comic.naver.com/webtoon/list?titleId=842674&tab=sun
일,아카데미의 천재칼잡이,시치 / 서관도,9.89,https://image-comic.pstatic.net/webtoon/833052/thumbnail/thumbnail_IMAG21_83877800-1f9b-4fa7-8b1f-0c68013c5c10.jpg,https://comic.naver.com/webtoon/list?titleId=813564&tab=sun
일,둥굴레차!,기라3,9.95,https://image-comic.pstatic.net/webtoon/840687/thumbnail/thumbnail_IMAG21_39bb1c23-898b-4190-94a9-28fa0ea1bcb4.jpg,https://comic.naver.com/webtoon/list?titleId=626939&tab=sun
일,고대동물기,고제형,9.96,https://image-comic.pstatic.net/webtoon/842079/thumbnail/thumbnail_IMAG21_2d6c44aa-f0c1-4001-8ae9-06fb0bbafdae.jpg,https://comic.naver.com/webtoon/list?titleId=835910&tab=sun
일,수희0(tngmlek0),생일기분,9.85,https://image-comic.pstatic.net/webtoon/835693/thumbnail/thumbnail_IMAG21_b465cd91-737d-44a1-9eea-03e3b8b2ceb6.jpg,https://comic.naver.com/webtoon/list?titleId=774831&tab=sun
일,속아주고싶어,케냠,9.95,https://image-comic.pstatic.net/webtoon/747271/thumbnail/thumbnail_IMAG21_d46b4a69-6de0-41be-b368-ce5e74ab8f76.jpg,https://comic.naver.com/webtoon/list?titleId=840114&tab=sun
일,청춘계시록,한서,9.97,https://image-comic.pstatic.net/webtoon/822640/thumbnail/thumbnail_IMAG21_009dd859-91d1-4682-862b-bace6d93fc79.jpg,https://comic.naver.com/webtoon/list?titleId=802079&tab=sun
일,축구천재로 오해받는 중입니다,이보테 / 한명현,9.94,https://image-comic.pstatic.net/webtoon/839004/thumbnail/thumbnail_IMAG21_258e9101-6b52-49a2-bcaa-6f90f540624f.jpg,https://comic.naver.com/webtoon/list?titleId=835119&tab=sun
일,용사파티만화,칰타 / 랴코,9.93,https://image-comic.pstatic.net/webtoon/747269/thumbnail/thumbnail_IMAG21_aabd9952-ff45-47a2-a543-33f19a5c6708.jpg,https://comic.naver.com/webtoon/list?titleId=842647&tab=sun
일,소년교도소,청민 / 이수현,8.10,https://image-comic.pstatic.net/webtoon/641253/thumbnail/thumbnail_IMAG21_01672165-03c8-44b1-ba0e-ef82c9cfcd10.jpg,https://comic.naver.com/webtoon/list?titleId=827335&tab=sun
일,사부님들이 구독 중,하강호 / 김기백 / 흑야,9.90,https://image-comic.pstatic.net/webtoon/844058/thumbnail/thumbnail_IMAG21_18e663e7-b2bc-4c26-8163-ea7fb31b64a9.jpg,https://comic.naver.com/webtoon/list?titleId=829785&tab=sun
일,나 혼자 특성빨로 무한 성장,지제로 / 2사랑 / 선운(鮮雲),9.34,https://image-comic.pstatic.net/webtoon/626939/thumbnail/thumbnail_IMAG21_8065f68b-a5ab-4107-98a3-661e0dc3100c.jpg,https://comic.naver.com/webtoon/list?titleId=803909&tab=sun
일,내 최애는 막차를 탄다,직씨,9.97,,https://comic.naver.com/webtoon/list?titleId=834896&tab=sun
일,천재 무림 트레이너,코울 / MIDNIGHT STUDIO / 크루크루,9.94,,https://comic.naver.com/webtoon/list?titleId=824295&tab=sun
일,재벌의 품격,아쿠아콘 / 우주영 / 서인하,9.92,,https://comic.naver.com/webtoon/list?titleId=823025&tab=sun
일,"20 중반, 성공이란 무엇인가",김동훈,8.82,,https://comic.naver.com/webtoon/list?titleId=843922&tab=sun
일,분신으로 자동사냥,차씨 / 오팔 / 몽식夢食,9.83,,https://comic.naver.com/webtoon/list?titleId=799805&tab=sun
일,위닝샷!,강견 / 시바견,9.94,,https://comic.naver.com/webtoon/list?titleId=778578&tab=sun
일,장풍전,신영우,9.95,,https://comic.naver.com/webtoon/list?titleId=789966&tab=sun
일,아마도 무적불패,2Poet,9.57,,https://comic.naver.com/webtoon/list?titleId=834396&tab=sun
일,아카데미에 위장취업당했다,타나 / WAG / sayren,9.96,,https://comic.naver.com/webtoon/list?titleId=795529&tab=sun
일,"고수, 후궁으로 깨어나다",LICO / 팀 설화 / 코양희,9.95,,https://comic.naver.com/webtoon/list?titleId=811219&tab=sun
일,배달왕,박만사,6.42,,https://comic.naver.com/webtoon/list?titleId=823933&tab=sun
일,러스트,제1벙커 / 얌츄 / 글라딘,9.77,,https://comic.naver.com/webtoon/list?titleId=832984&tab=sun
일,주먹 쓰는 천재 마법사,"팀감자스콘 / 김민우, 팀감자스콘 / 월천",9.70,,https://comic.naver.com/webtoon/list?titleId=836657&tab=sun
일,최후의 모험가,블루랍스터 / 솔티 독 / 디다트,9.90,,https://comic.naver.com/webtoon/list?titleId=822570&tab=sun
일,용사보다 너무 강해서 힘을 숨김,승한 / 예림,9.53,,https://comic.naver.com/webtoon/list?titleId=814213&tab=sun
일,사사똑,꼬마비,9.88,,https://comic.naver.com/webtoon/list?titleId=839141&tab=sun
일,오리짱!,우영영,9.96,,https://comic.naver.com/webtoon/list?titleId=842892&tab=sun
일,이웃집 연하,솜무 / 모지,9.93,,https://comic.naver.com/webtoon/list?titleId=818806&tab=sun
일,악녀는 조용히 살고 싶을 뿐인데!,호나란 / 그레이캣 / 이하린,9.97,,https://comic.naver.com/webtoon/list?titleId=822875&tab=sun
일,덤벙덤벙 내인생,덤덤,9.94,,https://comic.naver.com/webtoon/list?titleId=841876&tab=sun
일,레드셔츠,펀치킥,9.85,,https://comic.naver.com/webtoon/list?titleId=838553&tab=sun
일,서바이브,태발 / 김홍태,8.67,,https://comic.naver.com/webtoon/list?titleId=838594&tab=sun
일,용사생활기록부,땅콩,9.97,,https://comic.naver.com/webtoon/list?titleId=840332&tab=sun
일,청춘정식,봄소희 / KYMA,9.88,,https://comic.naver.com/webtoon/list?titleId=839992&tab=sun
일,상사불상사,영하 / 공사,9.96,,https://comic.naver.com/webtoon/list?titleId=814820&tab=sun
일,환생좌,"ALLA / 아스트라페, 백전",9.78,,https://comic.naver.com/webtoon/list?titleId=819912&tab=sun
일,경자 전성시대,김호드,9.89,,https://comic.naver.com/webtoon/list?titleId=769658&tab=sun
일,흉가에 들어가면 안되는 이유,벽돌,9.93,,https://comic.naver.com/webtoon/list?titleId=834250&tab=sun
일,두근두근 귀연시,동우,9.94,,https://comic.naver.com/webtoon/list?titleId=836426&tab=sun
일,불완전 신데렐라물,꿀밤 / 조림,9.97,,https://comic.naver.com/webtoon/list?titleId=819020&tab=sun
일,뒷골목 마법사의 회귀생활,김닥흐 / 도한 / 카이로스,9.77,,https://comic.naver.com/webtoon/list?titleId=841129&tab=sun
일,그레이마크,박태현,9.95,,https://comic.naver.com/webtoon/list?titleId=829462&tab=sun
일,지상낙원,달꼬냑,9.89,,https://comic.naver.com/webtoon/list?titleId=837645&tab=sun
일,솔플의 제왕,석신 / 은화26 / 디다트,9.79,,https://comic.naver.com/webtoon/list?titleId=837506&tab=sun
일,무진,사과 / 브라보 장,9.82,,https://comic.naver.com/webtoon/list?titleId=805691&tab=sun
일,원 앤 온리,임주이 / 로즈빈,9.95,,https://comic.naver.com/webtoon/list?titleId=838102&tab=sun
일,약빨이 신선함,용궁뎅이 / 벤 / 아로,9.93,,https://comic.naver.com/webtoon/list?titleId=800788&tab=sun
일,마탑의 문제아들,샘미 / 영명 / 제리엠,9.92,,https://comic.naver.com/webtoon/list?titleId=837812&tab=sun
일,나는 참지 못한다,성현,9.92,,https://comic.naver.com/webtoon/list?titleId=823476&tab=sun
일,구운몽 제로,민송아,9.90,,https://comic.naver.com/webtoon/list?titleId=840163&tab=sun
일,"아임 파인 땡큐, 앤유?",벼락,9.91,,https://comic.naver.com/webtoon/list?titleId=829495&tab=sun
일,모럴리스 스캔들,둥그라미 / 여슬기 / 달슬,9.97,,https://comic.naver.com/webtoon/list?titleId=838705&tab=sun
일,냉동무사,"박만사, 토이, 서행해주십시오 / 최용준",9.52,,https://comic.naver.com/webtoon/list?titleId=836370&tab=sun
일,키스는 자기 전에,이채은,9.97,,https://comic.naver.com/webtoon/list?titleId=818643&tab=sun
일,던전짐꾼,나진수,9.88,,https://comic.naver.com/webtoon/list?titleId=835423&tab=sun
일,공정거래위원회,권오준 / taibogi / 현우,9.85,,https://comic.naver.com/webtoon/list?titleId=837139&tab=sun
일,숨쉬지마,린세 / 드로잉창고,9.38,,https://comic.naver.com/webtoon/list?titleId=841941&tab=sun
일,건객,김우기 / 김주영,9.75,,https://comic.naver.com/webtoon/list?titleId=823214&tab=sun
일,빌런의 프로파일러,김진석 / 정용(正龍),9.91,,https://comic.naver.com/webtoon/list?titleId=839959&tab=sun
일,좀비파파,김대훈 / 박재이,9.80,,https://comic.naver.com/webtoon/list?titleId=840881&tab=sun
일,사내 계약 연애,최무탁 / 울 / 미리엄,9.90,,https://comic.naver.com/webtoon/list?titleId=842148&tab=sun
일,천사개와 악마캣,잇선,9.91,,https://comic.naver.com/webtoon/list?titleId=839174&tab=sun
일,죽거나 혹은 사랑에 빠지거나,허니비,9.90,,https://comic.naver.com/webtoon/list?titleId=819696&tab=sun
일,허리케인 공주님,랑또,9.95,,https://comic.naver.com/webtoon/list?titleId=807550&tab=sun
일,논 투아,나윤희,9.94,,https://comic.naver.com/webtoon/list?titleId=843754&tab=sun
일,라이브의 짐승들,우남20,9.00,,https://comic.naver.com/webtoon/list?titleId=839006&tab=sun
일,찐한 고백,JIP / 의령 / 로즈빈,9.97,,https://comic.naver.com/webtoon/list?titleId=812660&tab=sun
일,연애일기,Hanna,9.93,,https://comic.naver.com/webtoon/list?titleId=821408&tab=sun
일,첫 고백,희똑 / 호애,9.86,,https://comic.naver.com/webtoon/list?titleId=840969&tab=sun
일,괴물 천재선수들이 날 너무 좋아함,조약돌 / 혜인태,9.71,,https://comic.naver.com/webtoon/list?titleId=843901&tab=sun
일,당신의 라이언,몽찌 / 소척 / 백설홍,9.95,,https://comic.naver.com/webtoon/list?titleId=841490&tab=sun
일,사랑 안 해!,님니,9.92,,https://comic.naver.com/webtoon/list?titleId=843128&tab=sun
일,조만국의 현대만화,조만국,9.77,,https://comic.naver.com/webtoon/list?titleId=838078&tab=sun
일,검은 사슬,미세초 / J1 / 유세라,9.93,,https://comic.naver.com/webtoon/list?titleId=828424&tab=sun
일,데빌샷,CTK,9.97,,https://comic.naver.com/webtoon/list?titleId=753842&tab=sun
일,오버 더 레인보우,지강아,9.80,,https://comic.naver.com/webtoon/list?titleId=838555&tab=sun
일,고백대리,문조,9.96,,https://comic.naver.com/webtoon/list?titleId=838945&tab=sun
일,"그 머리 긴 선배, 이름이 뭐더라?",불관후,9.90,,https://comic.naver.com/webtoon/list?titleId=821050&tab=sun
일,날의 뒤편에서.,d몬,9.94,,https://comic.naver.com/webtoon/list?titleId=837685&tab=sun
일,낙원에 진 그림자,미오 / 옆집찰스 / 람글,9.87,,https://comic.naver.com/webtoon/list?titleId=842363&tab=sun
일,심검의 용사,문도현,9.88,,https://comic.naver.com/webtoon/list?titleId=839585&tab=sun
일,감정전이,향유,9.94,,https://comic.naver.com/webtoon/list?titleId=832317&tab=sun
일,죽음을 희망합니다,인멸윤금 / 백하나 / 유예랑,9.67,,https://comic.naver.com/webtoon/list?titleId=809622&tab=sun
일,빙의자 베네핏이 없음,곽나나 / 설동원 / 혜녹,9.93,,https://comic.naver.com/webtoon/list?titleId=835066&tab=sun
일,사랑이 나를 부를 때,한 / 희구 / carbo(도효원),9.87,,https://comic.naver.com/webtoon/list?titleId=837643&tab=sun
일,살인예정자,유령아이 / 바밤,9.87,,https://comic.naver.com/webtoon/list?titleId=834765&tab=sun
일,우아한 오브리,탄지 / 누르 / 김캐롤,9.94,,https://comic.naver.com/webtoon/list?titleId=836632&tab=sun
일,시체 조작돌,오태호 / 사냥사슴꾼,9.90,,https://comic.naver.com/webtoon/list?titleId=840598&tab=sun
일,방치형 용사 키우기,물고기,9.82,,https://comic.naver.com/webtoon/list?titleId=827392&tab=sun
일,마피아 내니,Violet Matter / sh00,9.96,,https://comic.naver.com/webtoon/list?titleId=826666&tab=sun
일,헬스던전,도베도베 / 채종,9.72,,https://comic.naver.com/webtoon/list?titleId=800101&tab=sun
일,우리의 공백,조예빈,9.83,,https://comic.naver.com/webtoon/list?titleId=836948&tab=sun
일,재영과 재영 사이,심싹,9.94,,https://comic.naver.com/webtoon/list?titleId=823061&tab=sun
일,킬링킬러,아백,9.81,,https://comic.naver.com/webtoon/list?titleId=797155&tab=sun
일,캠퍼스의 로망,이쨍쨍,9.77,,https://comic.naver.com/webtoon/list?titleId=836253&tab=sun
일,남주의 정석,이온상,9.92,,https://comic.naver.com/webtoon/list?titleId=827323&tab=sun
일,요괴삼월,이윤희,9.92,,https://comic.naver.com/webtoon/list?titleId=837417&tab=sun
일,밤필드의 아이들 by DARK MOON,HYBE,9.84,,https://comic.naver.com/webtoon/list?titleId=822774&tab=sun
일,지켜줄게!,무화,9.64,,https://comic.naver.com/webtoon/list?titleId=837993&tab=sun
일,108명의 그녀들,고송 / 레죵,9.97,,https://comic.naver.com/webtoon/list?titleId=798303&tab=sun
일,나노마신,현절무 / 금강불괴 / 한중월야,,,https://comic.naver.com/webtoon/list?titleId=747271
일,소꿉친구 컴플렉스,은하이,,,https://comic.naver.com/webtoon/list?titleId=822640
일,만남어플 중독,루즌아,,,https://comic.naver.com/webtoon/list?titleId=839004
일,전지적 독자 시점,UMI / 슬리피-C / 싱숑,,,https://comic.naver.com/webtoon/list?titleId=747269
일,외모지상주의,박태준,,,https://comic.naver.com/webtoon/list?titleId=641253
일,신체,엄세윤 / 정썸머,,,https://comic.naver.com/webtoon/list?titleId=844058
일,둥굴레차!,기라3,,,https://comic.naver.com/webtoon/list?titleId=626939
일,레드 레인(Red Rain),모서리 / 테랍 / 류향,,,https://comic.naver.com/webtoon/list?titleId=843948
일,1초에 100만원,"이지호, 도보리 / 웨이브",,,https://comic.naver.com/webtoon/list?titleId=842977
일,남자일짱 김지안,영준 / 강건,,,https://comic.naver.com/webtoon/list?titleId=843919
